"ObsTime","StnPres","SeaPres","StnPresMax","StnPresMaxTime","StnPresMin","StnPresMinTime","Tem","TMax","TMaxTime","TMin","TMinTime","Tddewpoint","RH","RHMin","RHMinTime","WS","WD","WSGust","WDGust","WGustTime","Precp","PrecpHour","PrecpMax10","PrecpMax10Time","PrecpHrMax","PrecpHrMaxTime","SunShine","SunShineRate","GloblRad","VisbMean","EvapA","UVIMax","UVIMaxTime","CloudAmount"
"2014-01-01",964.6,NA,966.5,"2014-01-01 08:33",962.7,"2014-01-01 15:06",15.4,20.4,"2014-01-01 13:47",11.8,"2014-01-01 00:43",NA,77,50,"2014-01-01 13:05",0.6,135,5,128,"2014-01-01 06:11",0,NA,NA,"",NA,"","...",NA,NA,NA,NA,NA,"",NA
"2014-01-02",963.4,NA,965.6,"2014-01-02 09:07",961.4,"2014-01-02 15:34",17.4,21.7,"2014-01-02 11:54",14.5,"2014-01-02 07:36",NA,76,54,"2014-01-02 11:42",0.6,128,4.4,103,"2014-01-02 23:14",0,NA,NA,"",NA,"","...",NA,NA,NA,NA,NA,"",NA
"2014-01-03",961.9,NA,963.7,"2014-01-03 09:37",959.5,"2014-01-03 15:01",16,18.4,"2014-01-03 14:36",13.3,"2014-01-03 07:26",NA,95,77,"2014-01-03 02:03",0.3,138,3.5,83,"2014-01-03 07:30",5,NA,NA,"",NA,"","...",NA,NA,NA,NA,NA,"",NA
"2014-01-04",963.4,NA,965.3,"2014-01-04 22:11",961.7,"2014-01-04 05:03",13.5,15.4,"2014-01-04 01:19",10.4,"2014-01-04 23:20",NA,82,72,"2014-01-04 10:14",0.6,111,7,112,"2014-01-04 08:33",0,NA,NA,"",NA,"","...",NA,NA,NA,NA,NA,"",NA
"2014-01-05",964.9,NA,967,"2014-01-05 07:10",962.4,"2014-01-05 13:52",12.6,17,"2014-01-05 13:11",9.3,"2014-01-05 07:11",NA,75,54,"2014-01-05 13:20",0.6,18,5.7,34,"2014-01-05 13:18",0,NA,NA,"",NA,"","...",NA,NA,NA,NA,NA,"",NA
"2014-01-06",964.5,NA,965.7,"2014-01-06 09:12",963,"2014-01-06 13:17",14.7,18.9,"2014-01-06 13:09",11.9,"2014-01-06 04:24",NA,72,55,"2014-01-06 12:48",0.5,133,5.9,118,"2014-01-06 23:14",0,NA,NA,"",NA,"","...",NA,NA,NA,NA,NA,"",NA
"2014-01-07",963.5,NA,965.1,"2014-01-07 08:54",961.9,"2014-01-07 14:08",16.5,21.6,"2014-01-07 14:37",13.9,"2014-01-07 07:11",NA,74,49,"2014-01-07 13:31",0.5,133,5.8,89,"2014-01-07 06:44",0,NA,NA,"",NA,"","...",NA,NA,NA,NA,NA,"",NA
"2014-01-08",964.8,NA,968.3,"2014-01-08 23:55",962.4,"2014-01-08 04:15",14.3,20.2,"2014-01-08 11:08",9.8,"2014-01-08 23:59",NA,88,62,"2014-01-08 11:12",0.5,46,6,347,"2014-01-08 12:35",15,NA,NA,"",NA,"","...",NA,NA,NA,NA,NA,"",NA
"2014-01-09",969.7,NA,971.6,"2014-01-09 19:51",967.7,"2014-01-09 04:01",9.7,10.5,"2014-01-10 00:00",9.2,"2014-01-09 07:40",NA,100,100,"2014-01-10 00:00",0.7,106,6.9,33,"2014-01-09 13:00",1.5,NA,NA,"",NA,"","...",NA,NA,NA,NA,NA,"",NA
"2014-01-10",969.3,NA,971.5,"2014-01-10 09:18",966.8,"2014-01-10 14:48",14.1,17.7,"2014-01-10 14:36",10.2,"2014-01-10 02:28",NA,82,64,"2014-01-10 13:30",0.4,140,4.4,30,"2014-01-10 11:11",0,NA,NA,"",NA,"","...",NA,NA,NA,NA,NA,"",NA
"2014-01-11",968.9,NA,971,"2014-01-11 08:47",967.2,"2014-01-11 15:43",15.6,20.4,"2014-01-11 14:40",12.2,"2014-01-11 06:36",NA,79,59,"2014-01-11 14:23",0.4,136,6.1,128,"2014-01-11 22:27",0,NA,NA,"",NA,"","...",NA,NA,NA,NA,NA,"",NA
"2014-01-12",969.4,NA,970.8,"2014-01-12 21:25",968.1,"2014-01-12 14:17",13.1,16.5,"2014-01-12 11:04",10.6,"2014-01-12 04:14",NA,94,77,"2014-01-12 01:25",0.7,321,5.9,30,"2014-01-12 21:40",3,NA,NA,"",NA,"","...",NA,NA,NA,NA,NA,"",NA
"2014-01-13",967.8,NA,970.5,"2014-01-14 00:00",966,"2014-01-13 14:38",12.2,15,"2014-01-13 12:07",11,"2014-01-13 06:20",NA,100,100,"2014-01-14 00:00",0.7,74,10.3,41,"2014-01-13 11:06",2.5,NA,NA,"",NA,"","...",NA,NA,NA,NA,NA,"",NA
"2014-01-14",969,NA,971.4,"2014-01-14 23:45",966,"2014-01-14 01:47",10.4,13.1,"2014-01-14 01:17",8.9,"2014-01-14 22:31",NA,100,100,"2014-01-15 00:00",0.7,70,7.4,50,"2014-01-14 07:06",8,NA,NA,"",NA,"","...",NA,NA,NA,NA,NA,"",NA
"2014-01-15",970.6,NA,973,"2014-01-15 07:36",968,"2014-01-15 16:10",10.9,13.8,"2014-01-15 13:40",8.4,"2014-01-15 06:40",NA,77,59,"2014-01-15 15:39",0.9,111,10.7,25,"2014-01-15 09:25",0.5,NA,NA,"",NA,"","...",NA,NA,NA,NA,NA,"",NA
"2014-01-16",968.7,NA,970.4,"2014-01-16 08:50",966.2,"2014-01-16 14:02",12.4,17,"2014-01-16 13:40",7.6,"2014-01-16 03:51",NA,74,53,"2014-01-16 12:34",0.4,57,8.2,105,"2014-01-16 09:34",0,NA,NA,"",NA,"","...",NA,NA,NA,NA,NA,"",NA
"2014-01-17",967.7,NA,969.6,"2014-01-17 23:59",965.5,"2014-01-17 14:30",13.1,18.3,"2014-01-17 12:31",10.3,"2014-01-17 23:40",NA,75,54,"2014-01-17 10:10",0.9,46,7.4,99,"2014-01-17 07:22",0,NA,NA,"",NA,"","...",NA,NA,NA,NA,NA,"",NA
"2014-01-18",972.9,NA,975.3,"2014-01-18 21:32",969.5,"2014-01-18 00:16",10.5,13.4,"2014-01-18 11:21",8.2,"2014-01-18 19:28",NA,75,63,"2014-01-18 21:39",1.1,73,9.7,28,"2014-01-18 13:36",0,NA,NA,"",NA,"","...",NA,NA,NA,NA,NA,"",NA
"2014-01-19",970.2,NA,973.4,"2014-01-19 00:06",967.5,"2014-01-19 14:38",13.4,18.1,"2014-01-19 12:34",9.9,"2014-01-19 04:26",NA,64,39,"2014-01-19 12:35",0.7,101,9.2,11,"2014-01-19 00:21",0,NA,NA,"",NA,"","...",NA,NA,NA,NA,NA,"",NA
"2014-01-20",968.9,NA,970.8,"2014-01-20 09:14",966.8,"2014-01-20 15:18",12,16.1,"2014-01-20 12:30",8.2,"2014-01-20 07:05",NA,89,66,"2014-01-20 12:09",0.4,23,6.8,31,"2014-01-20 21:46",0,NA,NA,"",NA,"","...",NA,NA,NA,NA,NA,"",NA
"2014-01-21",971,NA,973,"2014-01-21 22:07",969.1,"2014-01-21 02:29",8.5,11,"2014-01-21 00:03",6.9,"2014-01-21 23:52",NA,80,70,"2014-01-21 21:37",0.8,117,8.7,14,"2014-01-21 11:04",0,NA,NA,"",NA,"","...",NA,NA,NA,NA,NA,"",NA
"2014-01-22",970.2,NA,972.4,"2014-01-22 00:06",967.6,"2014-01-22 15:16",8.4,11.8,"2014-01-22 13:32",6,"2014-01-22 05:09",NA,71,59,"2014-01-22 10:42",0.9,50,9.5,33,"2014-01-22 10:24",0,NA,NA,"",NA,"","...",NA,NA,NA,NA,NA,"",NA
"2014-01-23",967.4,NA,970,"2014-01-23 00:06",965,"2014-01-23 15:07",11.5,18.1,"2014-01-23 15:14",6.3,"2014-01-23 03:40",NA,67,45,"2014-01-23 10:27",0.4,121,4.2,300,"2014-01-23 11:06",0,NA,NA,"",NA,"","...",NA,NA,NA,NA,NA,"",NA
"2014-01-24",965.5,NA,967.6,"2014-01-24 09:37",963.8,"2014-01-24 14:55",12.2,18,"2014-01-24 13:45",7.8,"2014-01-24 07:36",NA,62,40,"2014-01-24 11:33",0.8,73,7.3,146,"2014-01-24 01:38",0,NA,NA,"",NA,"","...",NA,NA,NA,NA,NA,"",NA
"2014-01-25",965.1,NA,967.5,"2014-01-25 09:09",962.6,"2014-01-25 14:46",14.5,21.2,"2014-01-25 14:43",10.4,"2014-01-25 04:52",NA,65,37,"2014-01-25 13:26",0.6,72,5.3,353,"2014-01-25 15:13",0,NA,NA,"",NA,"","...",NA,NA,NA,NA,NA,"",NA
"2014-01-26",967.2,NA,968.9,"2014-01-26 22:15",964.9,"2014-01-26 02:52",12.7,14.9,"2014-01-26 12:55",11.1,"2014-01-26 19:31",NA,84,69,"2014-01-26 03:15",0.8,108,7.7,70,"2014-01-26 15:03",0,NA,NA,"",NA,"","...",NA,NA,NA,NA,NA,"",NA
"2014-01-27",965.9,NA,968.5,"2014-01-27 00:03",963.6,"2014-01-27 15:13",14.2,19,"2014-01-27 14:10",10.1,"2014-01-27 07:11",NA,77,62,"2014-01-27 14:11",0.8,23,5.4,353,"2014-01-27 14:14",0,NA,NA,"",NA,"","...",NA,NA,NA,NA,NA,"",NA
"2014-01-28",965.8,NA,967.4,"2014-01-28 10:08",964.4,"2014-01-28 14:46",15.7,21.4,"2014-01-28 14:10",11.8,"2014-01-28 06:47",NA,73,52,"2014-01-28 11:16",0.7,122,4.9,159,"2014-01-28 05:58",0,NA,NA,"",NA,"","...",NA,NA,NA,NA,NA,"",NA
"2014-01-29",965.2,NA,966.6,"2014-01-29 08:49",963.5,"2014-01-29 14:44",15.9,20.9,"2014-01-29 13:57",13.4,"2014-01-29 07:07",NA,79,52,"2014-01-29 12:54",0.7,129,5.6,90,"2014-01-29 03:42",0,NA,NA,"",NA,"","...",NA,NA,NA,NA,NA,"",NA
"2014-01-30",965.5,NA,967.5,"2014-01-30 09:41",964.1,"2014-01-30 15:03",17.3,23.2,"2014-01-30 14:27",13.8,"2014-01-30 04:27",NA,59,36,"2014-01-30 13:56",0.8,127,7.5,143,"2014-01-30 06:37",0,NA,NA,"",NA,"","...",NA,NA,NA,NA,NA,"",NA
"2014-01-31",964.6,NA,966.3,"2014-01-31 09:17",962.9,"2014-01-31 14:37",17.4,24,"2014-01-31 14:16",13.5,"2014-01-31 02:56",NA,71,50,"2014-01-31 12:25",0.4,84,3.7,137,"2014-01-31 06:24",0,NA,NA,"",NA,"","...",NA,NA,NA,NA,NA,"",NA
"2014-02-01",962.6,NA,965,"2014-02-01 09:24",960.8,"2014-02-01 15:29",17.5,23.4,"2014-02-01 14:49",13.3,"2014-02-01 20:39",NA,71,40,"2014-02-01 10:43",0.6,124,5.4,140,"2014-02-01 06:45",0,NA,NA,"",NA,"","...",NA,NA,NA,NA,NA,"",NA
"2014-02-02",958,NA,961.3,"2014-02-02 00:12",955.3,"2014-02-02 15:39",18.6,24.2,"2014-02-02 11:49",15.6,"2014-02-02 05:05",NA,75,58,"2014-02-02 11:28",0.6,126,4.4,266,"2014-02-02 12:25",0,NA,NA,"",NA,"","...",NA,NA,NA,NA,NA,"",NA
"2014-02-03",957.8,NA,960.2,"2014-02-03 23:59",956.1,"2014-02-03 13:59",18.2,22.9,"2014-02-03 13:15",15.4,"2014-02-03 07:21",NA,93,73,"2014-02-03 16:23",0.4,22,6.3,28,"2014-02-03 23:33",0,NA,NA,"",NA,"","...",NA,NA,NA,NA,NA,"",NA
"2014-02-04",961.1,NA,962.9,"2014-02-04 09:26",959.5,"2014-02-04 14:29",15.1,17.4,"2014-02-04 12:36",12.4,"2014-02-04 23:07",NA,85,66,"2014-02-04 21:04",1.1,79,9.2,36,"2014-02-04 12:53",3.5,NA,NA,"",NA,"","...",NA,NA,NA,NA,NA,"",NA
"2014-02-05",960.5,NA,962.6,"2014-02-05 08:34",958.5,"2014-02-05 14:40",15.2,18.4,"2014-02-05 13:35",12.4,"2014-02-05 00:46",NA,100,100,"2014-02-06 00:00",0.2,43,6.7,125,"2014-02-05 01:16",4,NA,NA,"",NA,"","...",NA,NA,NA,NA,NA,"",NA
"2014-02-06",958.9,NA,961.1,"2014-02-06 08:34",957.3,"2014-02-06 15:24",16.4,21.4,"2014-02-06 12:03",13,"2014-02-06 06:56",NA,99,80,"2014-02-06 12:08",0.2,11,3.5,332,"2014-02-06 11:38",0,NA,NA,"",NA,"","...",NA,NA,NA,NA,NA,"",NA
"2014-02-07",957.6,NA,959.4,"2014-02-07 08:37",955.6,"2014-02-07 15:50",14.9,16.3,"2014-02-08 00:00",13.9,"2014-02-07 23:55",NA,100,100,"2014-02-08 00:00",0.2,265,3.2,339,"2014-02-07 10:57",5.5,NA,NA,"",NA,"","...",NA,NA,NA,NA,NA,"",NA
"2014-02-08",959.1,NA,961.6,"2014-02-08 09:04",957.7,"2014-02-08 15:04",12.2,14.9,"2014-02-08 22:09",10.7,"2014-02-08 08:09",NA,99,78,"2014-02-08 22:07",0.7,18,5.2,10,"2014-02-08 16:36",9.5,NA,NA,"",NA,"","...",NA,NA,NA,NA,NA,"",NA
"2014-02-09",959.5,NA,963,"2014-02-09 22:42",956.8,"2014-02-09 13:39",10.8,12.1,"2014-02-09 08:27",8.5,"2014-02-09 23:59",NA,100,100,"2014-02-09 00:00",1.1,45,8.9,30,"2014-02-09 17:07",67.5,NA,NA,"",NA,"","...",NA,NA,NA,NA,NA,"",NA
"2014-02-10",964.8,NA,966.3,"2014-02-10 09:34",962.1,"2014-02-10 00:01",6.3,8.5,"2014-02-10 00:05",5.3,"2014-02-10 23:39",NA,100,100,"2014-02-11 00:00",0.8,47,6.9,28,"2014-02-10 01:34",16,NA,NA,"",NA,"","...",NA,NA,NA,NA,NA,"",NA
"2014-02-11",964.6,NA,966.2,"2014-02-11 08:30",963.1,"2014-02-11 14:57",4.9,6,"2014-02-11 23:54",4,"2014-02-11 08:12",NA,100,100,"2014-02-12 00:00",0.5,21,5.7,28,"2014-02-11 07:06",11,NA,NA,"",NA,"","...",NA,NA,NA,NA,NA,"",NA
"2014-02-12",963.6,NA,965.7,"2014-02-12 09:14",962.1,"2014-02-12 13:36",8.9,11.1,"2014-02-12 22:56",5.9,"2014-02-12 00:16",NA,100,100,"2014-02-13 00:00",0.1,40,3.1,116,"2014-02-12 12:30",4.5,NA,NA,"",NA,"","...",NA,NA,NA,NA,NA,"",NA
"2014-02-13",964.8,NA,966.4,"2014-02-13 22:48",962.8,"2014-02-13 04:03",10.6,12.1,"2014-02-13 11:36",9.1,"2014-02-13 23:43",NA,100,100,"2014-02-14 00:00",0.5,27,7.4,27,"2014-02-13 14:06",12,NA,NA,"",NA,"","...",NA,NA,NA,NA,NA,"",NA
"2014-02-14",966.4,NA,968.5,"2014-02-14 09:26",965.1,"2014-02-14 15:11",8.8,10.1,"2014-02-14 11:29",8.2,"2014-02-14 08:29",NA,100,100,"2014-02-15 00:00",0.8,7,8.9,20,"2014-02-14 22:27",14.5,NA,NA,"",NA,"","...",NA,NA,NA,NA,NA,"",NA
"2014-02-15",965.3,NA,966.5,"2014-02-15 10:00",964.3,"2014-02-15 22:53",11.5,14.4,"2014-02-15 23:37",8.1,"2014-02-15 01:16",NA,92,72,"2014-02-15 23:35",0.5,88,6.9,52,"2014-02-15 00:47",0,NA,NA,"",NA,"","...",NA,NA,NA,NA,NA,"",NA
"2014-02-16",965.2,NA,966.7,"2014-02-16 09:10",963.6,"2014-02-16 15:24",14.4,19.4,"2014-02-16 14:45",11.7,"2014-02-16 06:50",NA,91,65,"2014-02-16 14:10",0.3,77,4.2,113,"2014-02-16 00:17",0,NA,NA,"",NA,"","...",NA,NA,NA,NA,NA,"",NA
"2014-02-17",965.1,NA,967.2,"2014-02-17 08:07",963,"2014-02-17 15:35",16.8,21.7,"2014-02-17 13:17",11.4,"2014-02-17 00:42",NA,90,67,"2014-02-17 11:27",0.4,129,4.3,98,"2014-02-17 05:55",0,NA,NA,"",NA,"","...",NA,NA,NA,NA,NA,"",NA
"2014-02-18",962.8,NA,965.2,"2014-02-18 21:18",960.6,"2014-02-18 14:18",14.1,20.9,"2014-02-18 10:56",9.7,"2014-02-19 00:00",NA,98,78,"2014-02-18 10:17",0.4,1,4.7,294,"2014-02-18 15:14",5.5,NA,NA,"",NA,"","...",NA,NA,NA,NA,NA,"",NA
"2014-02-19",966,NA,969.9,"2014-02-19 23:59",962.9,"2014-02-19 04:04",8.4,9.7,"2014-02-19 00:07",7.7,"2014-02-19 23:59",NA,100,100,"2014-02-20 00:00",0.9,14,6.6,29,"2014-02-19 15:32",36.5,NA,NA,"",NA,"","...",NA,NA,NA,NA,NA,"",NA
"2014-02-20",971.2,NA,973,"2014-02-20 22:20",969.1,"2014-02-20 01:25",7.8,11.7,"2014-02-20 13:58",4.7,"2014-02-20 23:26",NA,87,62,"2014-02-20 12:52",1,27,8.4,27,"2014-02-20 13:01",2,NA,NA,"",NA,"","...",NA,NA,NA,NA,NA,"",NA
"2014-02-21",969.7,NA,972.2,"2014-02-21 09:18",967.6,"2014-02-21 15:49",11,16.2,"2014-02-21 14:20",4.6,"2014-02-21 02:33",NA,71,50,"2014-02-21 10:13",0.7,126,9.2,50,"2014-02-21 12:47",0,NA,NA,"",NA,"","...",NA,NA,NA,NA,NA,"",NA
"2014-02-22",968.7,NA,970.3,"2014-02-22 09:20",966.9,"2014-02-22 16:20",13.4,19.3,"2014-02-22 13:44",9.9,"2014-02-22 07:17",NA,76,46,"2014-02-22 11:04",0.6,123,4.1,286,"2014-02-22 12:16",0,NA,NA,"",NA,"","...",NA,NA,NA,NA,NA,"",NA
"2014-02-23",967.8,NA,968.8,"2014-02-23 01:57",966.5,"2014-02-23 15:21",15.7,21.5,"2014-02-23 14:08",9.9,"2014-02-23 01:28",NA,72,43,"2014-02-23 13:39",0.6,130,4.9,295,"2014-02-23 14:13",0,NA,NA,"",NA,"","...",NA,NA,NA,NA,NA,"",NA
"2014-02-24",966.5,NA,967.9,"2014-02-25 00:00",965.1,"2014-02-24 14:22",15.7,21.2,"2014-02-24 13:39",12.4,"2014-02-24 23:28",NA,81,58,"2014-02-24 08:58",0.6,131,4.9,256,"2014-02-24 14:42",0,NA,NA,"",NA,"","...",NA,NA,NA,NA,NA,"",NA
"2014-02-25",965.7,NA,967.3,"2014-02-25 08:09",963.5,"2014-02-25 15:36",17.1,22.8,"2014-02-25 14:40",13.1,"2014-02-26 00:00",NA,82,56,"2014-02-25 10:24",0.6,127,4.6,298,"2014-02-25 11:34",0,NA,NA,"",NA,"","...",NA,NA,NA,NA,NA,"",NA
"2014-02-26",965.7,NA,967.4,"2014-02-26 09:29",964.1,"2014-02-26 14:47",17.3,21.1,"2014-02-26 14:39",14.5,"2014-02-26 22:55",NA,85,67,"2014-02-26 14:40",0.3,122,3.9,125,"2014-02-26 07:52",0,NA,NA,"",NA,"","...",NA,NA,NA,NA,NA,"",NA
"2014-02-27",965.8,NA,968.3,"2014-02-27 08:59",964.2,"2014-02-27 15:56",16.2,20.2,"2014-02-27 13:10",13.2,"2014-02-27 07:21",NA,97,83,"2014-02-27 13:11",0.4,35,4.2,353,"2014-02-27 10:32",0,NA,NA,"",NA,"","...",NA,NA,NA,NA,NA,"",NA
"2014-02-28",963.9,NA,966.3,"2014-02-28 08:28",961.1,"2014-02-28 14:06",17.8,24.9,"2014-02-28 13:21",13.7,"2014-02-28 01:53",NA,90,60,"2014-02-28 11:48",0.4,59,5.1,349,"2014-02-28 15:20",0,NA,NA,"",NA,"","...",NA,NA,NA,NA,NA,"",NA
"2014-03-01",961.7,NA,963.8,"2014-03-01 06:42",959.1,"2014-03-01 15:06",17.4,23,"2014-03-01 14:24",14,"2014-03-01 01:49",NA,94,72,"2014-03-01 14:24",0.3,131,4.2,299,"2014-03-01 15:32",0.5,NA,NA,"",NA,"","...",NA,NA,NA,NA,NA,"",NA
"2014-03-02",962.2,NA,964,"2014-03-02 23:56",960.1,"2014-03-02 14:55",12.7,16.2,"2014-03-02 00:01",11.3,"2014-03-02 07:27",NA,100,100,"2014-03-03 00:00",0.9,40,6,37,"2014-03-02 17:15",10.5,NA,NA,"",NA,"","...",NA,NA,NA,NA,NA,"",NA
"2014-03-03",963.8,NA,965.2,"2014-03-03 09:36",962.3,"2014-03-03 17:13",12.3,16,"2014-03-03 11:31",10.8,"2014-03-03 03:10",NA,100,99,"2014-03-03 11:32",0.6,23,6.8,28,"2014-03-03 01:24",2.5,NA,NA,"",NA,"","...",NA,NA,NA,NA,NA,"",NA
"2014-03-04",963.7,NA,965.8,"2014-03-04 23:57",961.5,"2014-03-04 15:01",13.4,17.1,"2014-03-04 15:04",12.4,"2014-03-04 22:05",NA,100,100,"2014-03-05 00:00",0.2,222,3.6,286,"2014-03-04 17:39",7,NA,NA,"",NA,"","...",NA,NA,NA,NA,NA,"",NA
"2014-03-05",965.9,NA,967.7,"2014-03-05 08:05",964.2,"2014-03-05 15:10",11.8,15.5,"2014-03-05 11:37",10.1,"2014-03-05 07:18",NA,97,80,"2014-03-05 11:42",1,86,8.4,42,"2014-03-05 14:04",6,NA,NA,"",NA,"","...",NA,NA,NA,NA,NA,"",NA
"2014-03-06",965.1,NA,968,"2014-03-06 23:59",963.1,"2014-03-06 14:44",11.1,11.7,"2014-03-06 18:13",10.3,"2014-03-06 05:55",NA,100,100,"2014-03-07 00:00",0.5,41,6.7,13,"2014-03-06 23:34",10.5,NA,NA,"",NA,"","...",NA,NA,NA,NA,NA,"",NA
"2014-03-07",966.7,NA,968.1,"2014-03-07 05:45",964.7,"2014-03-07 14:35",12.9,18.7,"2014-03-07 10:43",10.4,"2014-03-07 02:34",NA,97,68,"2014-03-07 10:32",0.5,45,7.5,35,"2014-03-07 00:41",12.5,NA,NA,"",NA,"","...",NA,NA,NA,NA,NA,"",NA
"2014-03-08",964.9,NA,966.8,"2014-03-08 00:45",963.3,"2014-03-08 14:28",11.9,13.7,"2014-03-08 09:48",10.2,"2014-03-08 16:33",NA,100,100,"2014-03-09 00:00",0.3,52,4.6,305,"2014-03-08 13:07",16.5,NA,NA,"",NA,"","...",NA,NA,NA,NA,NA,"",NA
"2014-03-09",967.2,NA,968.4,"2014-03-09 10:19",966,"2014-03-09 14:56",10.2,11.8,"2014-03-09 14:50",8.8,"2014-03-09 07:19",NA,100,100,"2014-03-10 00:00",0.9,67,7.2,22,"2014-03-09 15:08",6.5,NA,NA,"",NA,"","...",NA,NA,NA,NA,NA,"",NA
"2014-03-10",967.7,NA,969.3,"2014-03-10 22:49",966.5,"2014-03-10 02:51",13.4,15,"2014-03-10 12:12",11,"2014-03-10 00:12",NA,80,71,"2014-03-10 10:49",0.6,123,4.4,137,"2014-03-10 05:10",0,NA,NA,"",NA,"","...",NA,NA,NA,NA,NA,"",NA
"2014-03-11",967.1,NA,969.2,"2014-03-11 08:47",964.5,"2014-03-11 23:25",15.3,18.7,"2014-03-11 13:24",12.6,"2014-03-11 02:55",NA,89,76,"2014-03-11 10:33",0.2,61,5.5,101,"2014-03-11 07:18",0.5,NA,NA,"",NA,"","...",NA,NA,NA,NA,NA,"",NA
"2014-03-12",961.4,NA,965.7,"2014-03-13 00:00",958.5,"2014-03-12 17:18",15.8,19.4,"2014-03-12 13:50",13.3,"2014-03-12 04:27",NA,100,82,"2014-03-12 09:50",0.3,25,4.6,313,"2014-03-12 10:14",10,NA,NA,"",NA,"","...",NA,NA,NA,NA,NA,"",NA
"2014-03-13",963.6,NA,967.5,"2014-03-13 23:52",958.9,"2014-03-13 01:48",13.4,17.7,"2014-03-13 02:39",10.4,"2014-03-13 18:02",NA,100,86,"2014-03-13 23:58",0.5,45,5.2,21,"2014-03-13 12:09",25,NA,NA,"",NA,"","...",NA,NA,NA,NA,NA,"",NA
"2014-03-14",968.7,NA,969.9,"2014-03-14 21:13",966.8,"2014-03-14 02:41",11.1,14.6,"2014-03-14 14:33",8.5,"2014-03-14 05:50",NA,79,60,"2014-03-14 14:36",0.8,53,7,25,"2014-03-14 11:10",0,NA,NA,"",NA,"","...",NA,NA,NA,NA,NA,"",NA
"2014-03-15",967.5,NA,968.6,"2014-03-15 23:59",965.9,"2014-03-15 16:20",14.8,19.5,"2014-03-15 12:34",11.2,"2014-03-15 00:14",NA,68,38,"2014-03-15 01:28",0.6,125,5.7,116,"2014-03-15 04:41",0,NA,NA,"",NA,"","...",NA,NA,NA,NA,NA,"",NA
"2014-03-16",967.7,NA,969.6,"2014-03-16 09:52",966.5,"2014-03-16 17:19",15.4,20,"2014-03-16 11:47",12.8,"2014-03-16 02:34",NA,90,67,"2014-03-16 11:49",0.2,27,3.3,271,"2014-03-16 11:56",0,NA,NA,"",NA,"","...",NA,NA,NA,NA,NA,"",NA
"2014-03-17",965.9,NA,968.1,"2014-03-17 10:02",964,"2014-03-17 16:10",17.4,23,"2014-03-17 15:11",12.8,"2014-03-17 00:36",NA,93,72,"2014-03-17 15:00",0.2,15,4.7,298,"2014-03-17 13:05",0,NA,NA,"",NA,"","...",NA,NA,NA,NA,NA,"",NA
"2014-03-18",963.9,NA,966.1,"2014-03-18 08:27",962.3,"2014-03-18 16:16",19.5,24.2,"2014-03-18 12:30",16.1,"2014-03-18 01:02",NA,89,70,"2014-03-18 11:31",0.4,11,3.9,309,"2014-03-18 13:39",0,NA,NA,"",NA,"","...",NA,NA,NA,NA,NA,"",NA
"2014-03-19",960.9,NA,963.2,"2014-03-19 08:51",958.6,"2014-03-19 16:09",20.8,25.3,"2014-03-19 14:39",17.7,"2014-03-19 03:03",NA,93,72,"2014-03-19 11:25",0.2,250,5.4,302,"2014-03-19 13:36",0,NA,NA,"",NA,"","...",NA,NA,NA,NA,NA,"",NA
"2014-03-20",963.2,NA,969.3,"2014-03-20 21:20",959.3,"2014-03-20 04:27",14.2,19,"2014-03-20 01:03",9,"2014-03-20 22:22",NA,100,100,"2014-03-21 00:00",0.9,12,10.4,47,"2014-03-20 18:15",1,NA,NA,"",NA,"","...",NA,NA,NA,NA,NA,"",NA
"2014-03-21",967.2,NA,969,"2014-03-21 08:31",966,"2014-03-21 23:59",9.6,11.8,"2014-03-22 00:00",7.9,"2014-03-21 03:00",NA,87,67,"2014-03-21 22:25",1.1,81,12.9,15,"2014-03-21 12:39",5.5,NA,NA,"",NA,"","...",NA,NA,NA,NA,NA,"",NA
"2014-03-22",966.2,NA,968.5,"2014-03-22 23:23",964.6,"2014-03-22 14:29",14.6,19.6,"2014-03-22 14:30",11.7,"2014-03-22 00:20",NA,70,58,"2014-03-22 14:48",0.8,133,4.7,338,"2014-03-22 13:58",0,NA,NA,"",NA,"","...",NA,NA,NA,NA,NA,"",NA
"2014-03-23",967.5,NA,969,"2014-03-23 09:55",966,"2014-03-23 14:54",17.2,22.9,"2014-03-23 14:32",13.7,"2014-03-23 06:18",NA,70,55,"2014-03-23 13:41",0.5,125,4.2,279,"2014-03-23 12:23",0,NA,NA,"",NA,"","...",NA,NA,NA,NA,NA,"",NA
"2014-03-24",965.6,NA,967.5,"2014-03-24 00:33",963.9,"2014-03-24 16:41",17.3,23.3,"2014-03-24 12:19",14,"2014-03-24 05:06",NA,82,60,"2014-03-24 12:25",0.5,137,4.5,106,"2014-03-24 00:22",0,NA,NA,"",NA,"","...",NA,NA,NA,NA,NA,"",NA
"2014-03-25",962.6,NA,964.6,"2014-03-25 09:47",960.6,"2014-03-25 15:55",18.7,24.4,"2014-03-25 12:51",14.2,"2014-03-25 05:59",NA,85,59,"2014-03-25 12:02",0.3,51,3.8,275,"2014-03-25 12:30",0,NA,NA,"",NA,"","...",NA,NA,NA,NA,NA,"",NA
"2014-03-26",961.4,NA,962.8,"2014-03-26 09:28",960,"2014-03-26 16:23",21.2,25.9,"2014-03-26 13:46",18.2,"2014-03-26 00:35",NA,83,66,"2014-03-26 08:50",0.4,130,4.9,275,"2014-03-26 11:09",0,NA,NA,"",NA,"","...",NA,NA,NA,NA,NA,"",NA
"2014-03-27",961.4,NA,962.8,"2014-03-27 08:41",960.1,"2014-03-27 15:19",21.7,25.4,"2014-03-27 12:17",18.9,"2014-03-27 05:42",NA,84,70,"2014-03-27 09:38",0.4,125,3.7,347,"2014-03-27 12:35",0,NA,NA,"",NA,"","...",NA,NA,NA,NA,NA,"",NA
"2014-03-28",960.4,NA,962.3,"2014-03-28 09:44",958.2,"2014-03-28 15:31",22.4,27.2,"2014-03-28 11:59",19.3,"2014-03-28 00:15",NA,85,66,"2014-03-28 11:02",0.4,125,4.2,260,"2014-03-28 12:08",0,NA,NA,"",NA,"","...",NA,NA,NA,NA,NA,"",NA
"2014-03-29",957.7,NA,959.7,"2014-03-29 20:34",954.8,"2014-03-29 14:20",22.8,30.1,"2014-03-29 14:11",19,"2014-03-29 22:04",NA,88,60,"2014-03-29 13:48",0.5,264,6,287,"2014-03-29 18:56",15.5,NA,NA,"",NA,"","...",NA,NA,NA,NA,NA,"",NA
"2014-03-30",960,NA,961.5,"2014-03-30 09:58",958.4,"2014-03-30 15:09",20.5,24.5,"2014-03-30 14:52",17.3,"2014-03-30 06:06",NA,87,67,"2014-03-30 14:05",0.5,2,6.4,285,"2014-03-30 03:40",0.5,NA,NA,"",NA,"","...",NA,NA,NA,NA,NA,"",NA
"2014-03-31",957.7,NA,NA,"",NA,"",18.5,NA,"",NA,"",NA,98,NA,"",0.3,53,NA,NA,"",22,NA,NA,"",NA,"","...",NA,NA,NA,NA,NA,"",NA
"2014-04-01",958.8,NA,960.5,"2014-04-01 21:30",957.2,"2014-04-01 15:06",14.7,17.7,"2014-04-02 00:00",13.7,"2014-04-01 23:08",NA,100,100,"2014-04-02 00:00",0.3,9,5.2,296,"2014-04-01 23:54",19,NA,NA,"",NA,"","...",NA,NA,NA,NA,NA,"",NA
"2014-04-02",959.8,NA,962.2,"2014-04-02 23:59",958.1,"2014-04-02 04:58",15.4,17.9,"2014-04-02 11:55",13.5,"2014-04-02 06:02",NA,100,100,"2014-04-03 00:00",0.1,8,3.9,25,"2014-04-02 14:56",0,NA,NA,"",NA,"","...",NA,NA,NA,NA,NA,"",NA
"2014-04-03",961.2,NA,964,"2014-04-03 23:29",957.7,"2014-04-03 02:33",15.7,17.8,"2014-04-03 11:44",13.7,"2014-04-03 23:59",NA,100,100,"2014-04-04 00:00",0.2,20,4,285,"2014-04-03 01:05",7,NA,NA,"",NA,"","...",NA,NA,NA,NA,NA,"",NA
"2014-04-04",963.3,NA,964.6,"2014-04-04 09:28",961.9,"2014-04-04 15:21",15.2,19.1,"2014-04-04 12:21",12.8,"2014-04-04 00:38",NA,86,65,"2014-04-04 12:22",0.7,12,7.6,79,"2014-04-04 07:37",0,NA,NA,"",NA,"","...",NA,NA,NA,NA,NA,"",NA
"2014-04-05",963.5,NA,965.7,"2014-04-05 21:45",961.9,"2014-04-05 02:41",18.3,24.4,"2014-04-05 13:59",13.8,"2014-04-05 02:47",NA,71,45,"2014-04-05 12:30",0.6,135,5.8,299,"2014-04-05 15:30",0,NA,NA,"",NA,"","...",NA,NA,NA,NA,NA,"",NA
"2014-04-06",964.7,NA,966,"2014-04-06 08:46",963,"2014-04-06 14:08",18.8,22.4,"2014-04-06 12:23",16.1,"2014-04-06 02:43",NA,71,57,"2014-04-06 12:23",0.9,128,6.9,124,"2014-04-06 12:43",0,NA,NA,"",NA,"","...",NA,NA,NA,NA,NA,"",NA
"2014-04-07",964.2,NA,965.9,"2014-04-07 09:30",962.5,"2014-04-07 17:27",16.4,18.1,"2014-04-08 00:00",14.9,"2014-04-07 07:49",NA,97,77,"2014-04-07 00:36",0.2,133,5.2,117,"2014-04-07 09:14",12,NA,NA,"",NA,"","...",NA,NA,NA,NA,NA,"",NA
"2014-04-08",962.1,NA,963.6,"2014-04-08 08:56",960.3,"2014-04-08 15:34",19.3,24.5,"2014-04-08 12:40",16.2,"2014-04-08 05:53",NA,94,67,"2014-04-08 12:44",0.3,39,3.9,345,"2014-04-08 14:17",1.5,NA,NA,"",NA,"","...",NA,NA,NA,NA,NA,"",NA
"2014-04-09",961.8,NA,963.4,"2014-04-09 08:57",960.5,"2014-04-09 04:55",19.6,23.7,"2014-04-09 13:43",17.1,"2014-04-09 03:35",NA,96,77,"2014-04-09 13:45",0.4,134,4.4,285,"2014-04-09 10:11",0,NA,NA,"",NA,"","...",NA,NA,NA,NA,NA,"",NA
"2014-04-10",961.9,NA,964.3,"2014-04-10 08:27",960,"2014-04-10 15:11",20.9,27.2,"2014-04-10 14:40",17,"2014-04-10 02:58",NA,84,57,"2014-04-10 13:59",0.5,318,5.3,346,"2014-04-10 12:48",0,NA,NA,"",NA,"","...",NA,NA,NA,NA,NA,"",NA
"2014-04-11",961,NA,962.9,"2014-04-11 09:19",959,"2014-04-11 15:38",20.9,27.5,"2014-04-11 14:30",15.1,"2014-04-11 05:54",NA,84,51,"2014-04-11 12:56",0.3,74,5.4,273,"2014-04-11 12:38",0,NA,NA,"",NA,"","...",NA,NA,NA,NA,NA,"",NA
"2014-04-12",959.6,NA,961.5,"2014-04-12 09:43",957.2,"2014-04-12 15:30",22.3,28.5,"2014-04-12 14:53",17.7,"2014-04-12 04:19",NA,81,56,"2014-04-12 13:02",0.4,90,4.3,271,"2014-04-12 11:08",0,NA,NA,"",NA,"","...",NA,NA,NA,NA,NA,"",NA
"2014-04-13",960.1,NA,962,"2014-04-13 23:08",958.3,"2014-04-13 02:38",22.2,28.5,"2014-04-13 13:39",17.4,"2014-04-13 23:59",NA,87,63,"2014-04-13 09:15",0.5,41,5,251,"2014-04-13 15:15",0,NA,NA,"",NA,"","...",NA,NA,NA,NA,NA,"",NA
"2014-04-14",963.2,NA,965,"2014-04-14 10:58",960.7,"2014-04-14 02:38",16.8,19.5,"2014-04-14 12:37",14.4,"2014-04-14 22:19",NA,93,80,"2014-04-14 14:55",0.8,49,5.9,28,"2014-04-14 13:45",0,NA,NA,"",NA,"","...",NA,NA,NA,NA,NA,"",NA
"2014-04-15",961.9,NA,963.5,"2014-04-15 09:03",960.2,"2014-04-15 15:47",19.5,26.7,"2014-04-15 14:20",12.7,"2014-04-15 05:06",NA,80,58,"2014-04-15 14:33",0.4,146,3.9,132,"2014-04-15 21:43",0,NA,NA,"",NA,"","...",NA,NA,NA,NA,NA,"",NA
"2014-04-16",960.5,NA,962.5,"2014-04-16 08:36",958.3,"2014-04-16 15:18",20.8,26.7,"2014-04-16 14:08",17.7,"2014-04-16 05:07",NA,87,64,"2014-04-16 12:28",0.3,30,5.6,259,"2014-04-16 12:11",0,NA,NA,"",NA,"","...",NA,NA,NA,NA,NA,"",NA
"2014-04-17",959.6,NA,961,"2014-04-17 22:40",958.3,"2014-04-17 16:17",21.7,28.2,"2014-04-17 13:14",17.1,"2014-04-17 05:36",NA,88,57,"2014-04-17 13:09",0.3,272,5.1,285,"2014-04-17 11:11",0,NA,NA,"",NA,"","...",NA,NA,NA,NA,NA,"",NA
"2014-04-18",960.6,NA,962.1,"2014-04-18 09:13",959.2,"2014-04-18 02:12",21.1,26.1,"2014-04-18 10:25",17.7,"2014-04-18 04:33",NA,93,70,"2014-04-18 10:22",0.2,51,4.1,305,"2014-04-18 13:58",0,NA,NA,"",NA,"","...",NA,NA,NA,NA,NA,"",NA
"2014-04-19",959.6,NA,961.5,"2014-04-19 09:14",957.8,"2014-04-19 15:21",22,27.7,"2014-04-19 13:57",19.6,"2014-04-19 23:46",NA,94,65,"2014-04-19 13:49",0.2,279,5,360,"2014-04-19 14:00",0,NA,NA,"",NA,"","...",NA,NA,NA,NA,NA,"",NA
"2014-04-20",959.9,NA,961.1,"2014-04-20 11:25",958.6,"2014-04-20 16:30",20.5,23.5,"2014-04-20 11:16",18.4,"2014-04-20 21:16",NA,97,81,"2014-04-20 08:09",0.3,22,3.1,268,"2014-04-20 11:34",0,NA,NA,"",NA,"","...",NA,NA,NA,NA,NA,"",NA
"2014-04-21",960.3,NA,961.7,"2014-04-21 07:52",958.4,"2014-04-21 15:40",20.9,26.5,"2014-04-21 13:10",17.6,"2014-04-21 03:38",NA,96,76,"2014-04-21 13:12",0.2,269,4.5,307,"2014-04-21 13:02",0,NA,NA,"",NA,"","...",NA,NA,NA,NA,NA,"",NA
"2014-04-22",960.9,NA,962.5,"2014-04-22 22:49",959.6,"2014-04-22 02:10",18.9,22,"2014-04-22 09:39",15.7,"2014-04-22 23:52",NA,100,100,"2014-04-23 00:00",0.3,56,3.9,18,"2014-04-22 21:07",3,NA,NA,"",NA,"","...",NA,NA,NA,NA,NA,"",NA
"2014-04-23",960.6,NA,962.2,"2014-04-23 00:04",958.9,"2014-04-23 16:01",17,18.2,"2014-04-23 15:09",15.3,"2014-04-23 02:57",NA,100,100,"2014-04-24 00:00",0.1,12,2.6,35,"2014-04-23 00:09",0,NA,NA,"",NA,"","...",NA,NA,NA,NA,NA,"",NA
"2014-04-24",960.2,NA,962.4,"2014-04-24 08:25",958.8,"2014-04-24 16:46",19.7,24.8,"2014-04-24 14:12",17,"2014-04-24 01:07",NA,99,85,"2014-04-24 14:25",0.2,233,3.3,304,"2014-04-24 14:41",39,NA,NA,"",NA,"","...",NA,NA,NA,NA,NA,"",NA
"2014-04-25",960.3,NA,962.3,"2014-04-25 09:59",958.5,"2014-04-25 15:27",21,25.9,"2014-04-25 15:44",18.9,"2014-04-25 04:34",NA,98,80,"2014-04-25 15:55",0.2,3,2.8,292,"2014-04-25 07:35",9,NA,NA,"",NA,"","...",NA,NA,NA,NA,NA,"",NA
"2014-04-26",960.4,NA,961.7,"2014-04-26 18:28",958.2,"2014-04-26 06:31",21.6,25.9,"2014-04-26 09:59",20.1,"2014-04-26 05:02",NA,99,82,"2014-04-26 10:01",0.2,246,5.1,308,"2014-04-26 16:31",8.5,NA,NA,"",NA,"","...",NA,NA,NA,NA,NA,"",NA
"2014-04-27",960.1,NA,961.6,"2014-04-27 22:43",958.4,"2014-04-27 16:09",21.3,24.6,"2014-04-27 11:31",19.1,"2014-04-27 06:01",NA,100,100,"2014-04-28 00:00",0.2,29,3.3,294,"2014-04-27 09:51",0.5,NA,NA,"",NA,"","...",NA,NA,NA,NA,NA,"",NA
"2014-04-28",960.5,NA,961.9,"2014-04-28 09:12",958.7,"2014-04-28 16:34",20.2,24.7,"2014-04-28 12:24",17.1,"2014-04-28 23:14",NA,89,64,"2014-04-28 10:34",0.6,39,5.6,331,"2014-04-28 13:21",0,NA,NA,"",NA,"","...",NA,NA,NA,NA,NA,"",NA
"2014-04-29",960,NA,961.6,"2014-04-29 09:56",958.8,"2014-04-29 23:43",18.8,23.4,"2014-04-29 12:41",15.4,"2014-04-29 03:41",NA,92,69,"2014-04-29 12:39",0.2,1,5,139,"2014-04-29 23:51",0,NA,NA,"",NA,"","...",NA,NA,NA,NA,NA,"",NA
"2014-04-30",959.5,NA,961,"2014-04-30 22:00",958.2,"2014-04-30 05:31",18.7,22.3,"2014-04-30 11:38",17.2,"2014-04-30 23:56",NA,93,76,"2014-04-30 00:51",0.1,4,3.7,113,"2014-04-30 00:12",16,NA,NA,"",NA,"","...",NA,NA,NA,NA,NA,"",NA
"2014-05-01",961.2,NA,963.6,"2014-05-01 22:16",958.9,"2014-05-01 03:19",18.4,19.6,"2014-05-01 16:26",17.1,"2014-05-01 00:15",NA,100,100,"2014-05-02 00:00",0,52,2.2,127,"2014-05-01 00:32",23,NA,NA,"",NA,"","...",NA,NA,NA,NA,NA,"",NA
"2014-05-02",962.8,NA,964.3,"2014-05-02 21:58",961.5,"2014-05-02 02:10",21.3,25.7,"2014-05-02 15:33",17.2,"2014-05-02 05:13",NA,97,81,"2014-05-02 15:30",0.2,119,3.6,267,"2014-05-02 10:53",1,NA,NA,"",NA,"","...",NA,NA,NA,NA,NA,"",NA
"2014-05-03",962.1,NA,963.3,"2014-05-03 00:01",960.5,"2014-05-03 16:23",21.2,24.1,"2014-05-03 13:32",19.4,"2014-05-03 05:28",NA,84,65,"2014-05-03 13:29",0.6,132,6.8,125,"2014-05-03 19:34",0,NA,NA,"",NA,"","...",NA,NA,NA,NA,NA,"",NA
"2014-05-04",960,NA,962.3,"2014-05-04 00:01",958.4,"2014-05-04 15:46",21.4,24.8,"2014-05-04 10:55",19.2,"2014-05-04 03:37",NA,94,77,"2014-05-04 11:05",0.2,61,3.4,126,"2014-05-04 04:37",1,NA,NA,"",NA,"","...",NA,NA,NA,NA,NA,"",NA
"2014-05-05",962.6,NA,964.4,"2014-05-05 09:48",958.3,"2014-05-05 01:18",16.2,20.5,"2014-05-05 00:16",13.3,"2014-05-05 23:30",NA,100,100,"2014-05-06 00:00",0.7,68,9.2,143,"2014-05-05 15:06",63.5,NA,NA,"",NA,"","...",NA,NA,NA,NA,NA,"",NA
"2014-05-06",963,NA,964.3,"2014-05-06 08:08",961.8,"2014-05-06 04:33",15.1,16.5,"2014-05-06 17:49",12.6,"2014-05-06 02:24",NA,100,100,"2014-05-07 00:00",0.2,53,5.3,74,"2014-05-06 00:10",16,NA,NA,"",NA,"","...",NA,NA,NA,NA,NA,"",NA
"2014-05-07",960.7,NA,962.4,"2014-05-08 00:00",959.5,"2014-05-08 00:00",18.2,20,"2014-05-07 12:07",15.9,"2014-05-07 02:07",NA,100,100,"2014-05-08 00:00",0.1,271,3.6,124,"2014-05-07 09:06",5.5,NA,NA,"",NA,"","...",NA,NA,NA,NA,NA,"",NA
"2014-05-08",959.7,NA,961.3,"2014-05-08 10:18",958.5,"2014-05-08 23:27",20.5,24.4,"2014-05-08 12:48",17.3,"2014-05-08 05:39",NA,95,78,"2014-05-08 11:57",0.2,54,3.1,278,"2014-05-08 14:14",0,NA,NA,"",NA,"","...",NA,NA,NA,NA,NA,"",NA
"2014-05-09",959,NA,960.5,"2014-05-09 10:40",957.6,"2014-05-09 03:11",20.7,22.7,"2014-05-09 15:20",18.9,"2014-05-09 07:29",NA,98,82,"2014-05-09 00:01",0.1,75,3.9,305,"2014-05-09 09:59",6.5,NA,NA,"",NA,"","...",NA,NA,NA,NA,NA,"",NA
"2014-05-10",958.7,NA,960.2,"2014-05-10 10:19",957.3,"2014-05-10 15:50",21.4,25.8,"2014-05-10 11:18",18.8,"2014-05-10 05:15",NA,97,78,"2014-05-10 10:47",0.2,284,3.4,276,"2014-05-10 12:07",1,NA,NA,"",NA,"","...",NA,NA,NA,NA,NA,"",NA
"2014-05-11",958.3,NA,959.7,"2014-05-11 21:39",956.6,"2014-05-11 15:25",23.6,29.2,"2014-05-11 15:26",19.5,"2014-05-11 05:04",NA,90,64,"2014-05-11 10:07",0.3,57,4.3,304,"2014-05-11 11:20",4,NA,NA,"",NA,"","...",NA,NA,NA,NA,NA,"",NA
"2014-05-12",958.1,NA,959.1,"2014-05-12 09:30",956.5,"2014-05-12 16:00",23.9,30.2,"2014-05-12 11:04",21.2,"2014-05-12 01:24",NA,94,64,"2014-05-12 11:16",0.3,128,5,302,"2014-05-12 12:53",1.5,NA,NA,"",NA,"","...",NA,NA,NA,NA,NA,"",NA
"2014-05-13",956.7,NA,958.6,"2014-05-14 00:00",954.6,"2014-05-13 17:42",22.8,25.5,"2014-05-13 10:01",20.9,"2014-05-13 04:20",NA,100,99,"2014-05-13 09:36",0.1,69,3.4,255,"2014-05-13 14:29",1.5,NA,NA,"",NA,"","...",NA,NA,NA,NA,NA,"",NA
"2014-05-14",952.7,NA,954.7,"2014-05-14 00:01",950.5,"2014-05-14 17:50",25.7,31.6,"2014-05-14 14:00",20.9,"2014-05-14 01:54",NA,80,55,"2014-05-14 12:30",0.6,245,9.8,294,"2014-05-14 13:31",0,NA,NA,"",NA,"","...",NA,NA,NA,NA,NA,"",NA
"2014-05-15",953.3,NA,956.4,"2014-05-15 21:38",950.4,"2014-05-15 04:18",22.3,26.4,"2014-05-15 09:40",20.2,"2014-05-15 05:30",NA,99,80,"2014-05-15 09:44",0.2,23,8,60,"2014-05-15 16:46",71.5,NA,NA,"",NA,"","...",NA,NA,NA,NA,NA,"",NA
"2014-05-16",957.6,NA,959.8,"2014-05-16 22:02",956.8,"2014-05-16 15:59",21.9,23.9,"2014-05-16 12:10",21.6,"2014-05-16 23:56",NA,99,92,"2014-05-16 12:10",0.1,87,1.9,293,"2014-05-16 16:49",2.5,NA,NA,"",NA,"","...",NA,NA,NA,NA,NA,"",NA
"2014-05-17",957.7,NA,959.3,"2014-05-17 09:09",955.4,"2014-05-17 15:40",23.9,29.7,"2014-05-17 13:36",20.4,"2014-05-17 05:29",NA,90,66,"2014-05-17 13:27",0.3,283,4.2,290,"2014-05-17 16:03",0,NA,NA,"",NA,"","...",NA,NA,NA,NA,NA,"",NA
"2014-05-18",957,NA,958.4,"2014-05-18 23:47",955.6,"2014-05-18 17:15",23.4,29.1,"2014-05-18 11:38",21.4,"2014-05-18 23:04",NA,91,69,"2014-05-18 12:35",0.3,11,6.8,265,"2014-05-18 14:28",2.5,NA,NA,"",NA,"","...",NA,NA,NA,NA,NA,"",NA
"2014-05-19",956.9,NA,958.9,"2014-05-19 11:13",954.8,"2014-05-19 20:50",22.2,25,"2014-05-19 08:35",20.3,"2014-05-19 03:34",NA,94,78,"2014-05-19 08:55",0.2,67,3.4,154,"2014-05-19 20:00",13.5,NA,NA,"",NA,"","...",NA,NA,NA,NA,NA,"",NA
"2014-05-20",955.1,NA,956.8,"2014-05-20 22:39",953.8,"2014-05-20 05:29",22.5,25.2,"2014-05-20 09:37",20,"2014-05-20 04:45",NA,96,80,"2014-05-20 09:22",0.3,28,4.2,287,"2014-05-20 11:13",23.5,NA,NA,"",NA,"","...",NA,NA,NA,NA,NA,"",NA
"2014-05-21",956.1,NA,957.4,"2014-05-21 08:43",954.8,"2014-05-21 17:28",20.2,22.8,"2014-05-21 00:04",18,"2014-05-21 14:48",NA,99,99,"2014-05-21 13:08",0.2,59,4.3,252,"2014-05-21 01:58",79.5,NA,NA,"",NA,"","...",NA,NA,NA,NA,NA,"",NA
"2014-05-22",956,NA,958.4,"2014-05-22 22:29",954.4,"2014-05-22 03:59",21.8,26.9,"2014-05-22 11:12",19.9,"2014-05-22 03:01",NA,97,77,"2014-05-22 11:19",0.2,37,3.8,285,"2014-05-22 13:56",9.5,NA,NA,"",NA,"","...",NA,NA,NA,NA,NA,"",NA
"2014-05-23",959.3,NA,962,"2014-05-23 22:01",956.5,"2014-05-23 05:20",21.8,24.5,"2014-05-23 12:02",20.3,"2014-05-23 02:07",NA,95,84,"2014-05-23 05:51",0.3,11,3.5,282,"2014-05-23 13:47",1.5,NA,NA,"",NA,"","...",NA,NA,NA,NA,NA,"",NA
"2014-05-24",960.5,NA,961.6,"2014-05-24 21:54",959.1,"2014-05-24 15:06",24.2,29.5,"2014-05-24 13:49",21.1,"2014-05-25 00:00",NA,85,58,"2014-05-24 12:02",0.4,127,3.3,258,"2014-05-24 10:24",14.5,NA,NA,"",NA,"","...",NA,NA,NA,NA,NA,"",NA
"2014-05-25",959.3,NA,960.7,"2014-05-25 09:45",957.6,"2014-05-25 16:33",23.9,28.3,"2014-05-25 12:29",20.6,"2014-05-25 04:57",NA,89,75,"2014-05-25 09:20",0.3,148,3,288,"2014-05-25 12:36",0,NA,NA,"",NA,"","...",NA,NA,NA,NA,NA,"",NA
"2014-05-26",957.2,NA,959.2,"2014-05-26 00:07",955.5,"2014-05-26 17:28",25.2,30.7,"2014-05-26 13:14",21.1,"2014-05-26 05:16",NA,86,65,"2014-05-26 13:14",0.4,288,5.6,340,"2014-05-26 15:15",0,NA,NA,"",NA,"","...",NA,NA,NA,NA,NA,"",NA
"2014-05-27",955.1,NA,956.8,"2014-05-27 00:01",953,"2014-05-27 16:48",24.6,28,"2014-05-27 11:32",21.9,"2014-05-27 06:29",NA,94,79,"2014-05-27 11:35",0.4,21,5.1,278,"2014-05-27 11:18",10.5,NA,NA,"",NA,"","...",NA,NA,NA,NA,NA,"",NA
"2014-05-28",955.3,NA,956.8,"2014-05-28 09:05",954,"2014-05-28 16:08",24.8,30,"2014-05-28 12:56",21.9,"2014-05-28 05:38",NA,92,67,"2014-05-28 12:59",0.3,9,5.1,281,"2014-05-28 13:04",5.5,NA,NA,"",NA,"","...",NA,NA,NA,NA,NA,"",NA
"2014-05-29",956,NA,957.4,"2014-05-29 21:28",954.8,"2014-05-29 03:47",23.7,27.5,"2014-05-29 11:39",22,"2014-05-29 05:18",NA,95,82,"2014-05-29 11:34",0.1,130,3.4,40,"2014-05-29 13:08",45.5,NA,NA,"",NA,"","...",NA,NA,NA,NA,NA,"",NA
"2014-05-30",956.6,NA,958.1,"2014-05-30 22:31",955.4,"2014-05-30 02:01",23.4,28.1,"2014-05-30 11:12",21.5,"2014-05-30 05:35",NA,97,78,"2014-05-30 11:14",0.2,210,5,272,"2014-05-30 13:54",17,NA,NA,"",NA,"","...",NA,NA,NA,NA,NA,"",NA
"2014-05-31",957.3,NA,958.6,"2014-05-31 09:29",955.9,"2014-05-31 16:20",24.2,28.3,"2014-05-31 12:09",21.6,"2014-05-31 02:16",NA,93,73,"2014-05-31 12:10",0.2,8,2.5,288,"2014-05-31 11:24",0,NA,NA,"",NA,"","...",NA,NA,NA,NA,NA,"",NA
"2014-06-01",955.6,NA,957.6,"2014-06-01 09:23",953.6,"2014-06-01 19:18",24.6,29.3,"2014-06-01 13:57",21.4,"2014-06-01 03:30",NA,91,75,"2014-06-01 13:51",0.3,35,4.9,276,"2014-06-01 12:50",0,NA,NA,"",NA,"","...",NA,NA,NA,NA,NA,"",NA
"2014-06-02",952.6,NA,954.2,"2014-06-02 07:14",950.6,"2014-06-02 16:39",25.4,30.7,"2014-06-02 14:10",21.3,"2014-06-02 05:31",NA,83,61,"2014-06-02 14:10",0.3,260,5.4,291,"2014-06-02 17:36",0,NA,NA,"",NA,"","...",NA,NA,NA,NA,NA,"",NA
"2014-06-03",951.8,NA,953.5,"2014-06-03 22:19",950.2,"2014-06-03 02:00",23.4,27.3,"2014-06-03 14:05",21.9,"2014-06-03 09:02",NA,95,83,"2014-06-03 14:08",0.2,9,3.3,332,"2014-06-03 14:16",9,NA,NA,"",NA,"","...",NA,NA,NA,NA,NA,"",NA
"2014-06-04",952.3,NA,953.6,"2014-06-04 23:02",951.1,"2014-06-04 15:31",23.9,28,"2014-06-04 11:44",21.2,"2014-06-04 05:00",NA,93,77,"2014-06-04 11:45",0.3,279,4.2,293,"2014-06-04 14:06",0,NA,NA,"",NA,"","...",NA,NA,NA,NA,NA,"",NA
"2014-06-05",952.4,NA,953.8,"2014-06-05 22:35",951.3,"2014-06-05 02:23",23.6,28.2,"2014-06-05 10:28",21.2,"2014-06-05 04:39",NA,90,68,"2014-06-05 10:03",0.4,157,6.7,307,"2014-06-05 14:15",16.5,NA,NA,"",NA,"","...",NA,NA,NA,NA,NA,"",NA
"2014-06-06",952.7,NA,953.6,"2014-06-06 22:05",951.4,"2014-06-06 16:00",23.3,27.3,"2014-06-06 10:15",21.6,"2014-06-06 05:58",NA,96,75,"2014-06-06 11:37",0.3,38,5.1,214,"2014-06-06 04:40",52,NA,NA,"",NA,"","...",NA,NA,NA,NA,NA,"",NA
"2014-06-07",951.4,NA,953.4,"2014-06-07 00:15",949.7,"2014-06-07 15:55",23.5,27.5,"2014-06-07 12:38",21.2,"2014-06-07 04:15",NA,96,78,"2014-06-07 08:59",0.3,4,3.9,279,"2014-06-07 13:08",17,NA,NA,"",NA,"","...",NA,NA,NA,NA,NA,"",NA
"2014-06-08",950.7,NA,951.7,"2014-06-08 09:23",949.6,"2014-06-08 14:29",23.3,25.9,"2014-06-08 08:46",22,"2014-06-09 00:00",NA,98,86,"2014-06-08 08:48",0.2,2,4.5,36,"2014-06-08 14:24",14.5,NA,NA,"",NA,"","...",NA,NA,NA,NA,NA,"",NA
"2014-06-09",949.5,NA,950.8,"2014-06-09 07:35",948.3,"2014-06-09 16:36",24.1,29.2,"2014-06-09 10:57",20.5,"2014-06-09 06:22",NA,93,73,"2014-06-09 10:58",0.4,42,5.7,38,"2014-06-09 17:23",0.5,NA,NA,"",NA,"","...",NA,NA,NA,NA,NA,"",NA
"2014-06-10",948.8,NA,950.4,"2014-06-10 22:23",947.4,"2014-06-10 03:51",23.6,26.4,"2014-06-10 13:15",22.2,"2014-06-10 04:31",NA,95,82,"2014-06-10 13:08",0.5,42,5.2,30,"2014-06-10 13:48",2,NA,NA,"",NA,"","...",NA,NA,NA,NA,NA,"",NA
"2014-06-11",950.1,NA,951.3,"2014-06-11 22:17",948.8,"2014-06-11 04:16",22.6,25.8,"2014-06-11 11:46",20.8,"2014-06-11 23:36",NA,94,79,"2014-06-11 13:17",0.8,57,5.9,30,"2014-06-11 11:51",4.5,NA,NA,"",NA,"","...",NA,NA,NA,NA,NA,"",NA
"2014-06-12",950.7,NA,952,"2014-06-12 09:59",948.9,"2014-06-12 15:36",24.4,30.4,"2014-06-12 14:32",19.4,"2014-06-12 04:26",NA,61,22,"2014-06-12 11:05",0.7,117,6.8,57,"2014-06-12 01:00",0,NA,NA,"",NA,"","...",NA,NA,NA,NA,NA,"",NA
"2014-06-13",952.5,NA,955,"2014-06-13 22:25",951.1,"2014-06-13 02:47",24.5,29.7,"2014-06-13 11:57",20.9,"2014-06-13 03:20",NA,70,52,"2014-06-13 11:59",0.6,133,4.7,99,"2014-06-13 10:23",0.5,NA,NA,"",NA,"","...",NA,NA,NA,NA,NA,"",NA
"2014-06-14",953.3,NA,954.4,"2014-06-15 00:00",952.3,"2014-06-14 23:59",25.2,29.2,"2014-06-14 12:46",21.6,"2014-06-14 01:20",NA,88,73,"2014-06-14 08:36",0.4,134,3.4,94,"2014-06-14 06:26",1,NA,NA,"",NA,"","...",NA,NA,NA,NA,NA,"",NA
"2014-06-15",953.4,NA,955,"2014-06-15 22:09",951.5,"2014-06-15 02:30",24.2,27.7,"2014-06-15 10:45",21.9,"2014-06-15 06:04",NA,94,78,"2014-06-15 10:43",0.2,262,3,282,"2014-06-15 11:51",4.5,NA,NA,"",NA,"","...",NA,NA,NA,NA,NA,"",NA
"2014-06-16",952.9,NA,954.5,"2014-06-17 00:00",951.7,"2014-06-16 17:02",24.5,29,"2014-06-16 11:03",22.1,"2014-06-16 03:49",NA,94,72,"2014-06-16 11:57",0.2,114,3.9,289,"2014-06-16 11:08",5,NA,NA,"",NA,"","...",NA,NA,NA,NA,NA,"",NA
"2014-06-17",952.2,NA,953.9,"2014-06-17 23:49",950.6,"2014-06-17 02:57",25.8,32.1,"2014-06-17 14:03",22.5,"2014-06-17 03:41",NA,87,62,"2014-06-17 14:05",0.6,252,7.1,255,"2014-06-17 10:19",0,NA,NA,"",NA,"","...",NA,NA,NA,NA,NA,"",NA
"2014-06-18",953.6,NA,954.8,"2014-06-18 21:51",952.2,"2014-06-18 14:43",25.3,32.2,"2014-06-18 12:53",22.1,"2014-06-18 05:39",NA,92,64,"2014-06-18 12:55",0.3,51,3.6,275,"2014-06-18 13:01",6.5,NA,NA,"",NA,"","...",NA,NA,NA,NA,NA,"",NA
"2014-06-19",953.3,NA,954.5,"2014-06-19 21:41",952.1,"2014-06-19 16:12",25.6,30,"2014-06-19 12:11",22.8,"2014-06-19 05:22",NA,93,73,"2014-06-19 12:14",0.2,265,3.4,282,"2014-06-19 14:17",3,NA,NA,"",NA,"","...",NA,NA,NA,NA,NA,"",NA
"2014-06-20",953.5,NA,954.4,"2014-06-20 22:12",952.7,"2014-06-20 02:43",24.8,28.5,"2014-06-20 12:46",23.2,"2014-06-20 23:52",NA,96,78,"2014-06-20 12:46",0.2,48,4.2,277,"2014-06-20 13:22",7.5,NA,NA,"",NA,"","...",NA,NA,NA,NA,NA,"",NA
"2014-06-21",954.1,NA,955.1,"2014-06-21 23:27",952.6,"2014-06-21 15:30",25.3,29.7,"2014-06-21 14:07",22.3,"2014-06-21 05:12",NA,93,72,"2014-06-21 14:11",0.2,55,4.1,298,"2014-06-21 14:45",0,NA,NA,"",NA,"","...",NA,NA,NA,NA,NA,"",NA
"2014-06-22",954.5,NA,956.1,"2014-06-22 22:35",953.5,"2014-06-22 05:01",25.4,28.9,"2014-06-22 09:56",23.8,"2014-06-22 22:30",NA,94,75,"2014-06-22 11:47",0.2,22,3.7,282,"2014-06-22 14:47",27.5,NA,NA,"",NA,"","...",NA,NA,NA,NA,NA,"",NA
"2014-06-23",954.3,NA,955.6,"2014-06-23 22:32",952.4,"2014-06-23 16:21",25,30,"2014-06-23 11:41",23.5,"2014-06-23 05:31",NA,96,77,"2014-06-23 12:29",0.3,28,4,265,"2014-06-23 17:02",50,NA,NA,"",NA,"","...",NA,NA,NA,NA,NA,"",NA
"2014-06-24",954.4,NA,956.2,"2014-06-24 22:33",953.4,"2014-06-24 16:14",24.2,24.5,"2014-06-24 12:59",23.3,"2014-06-24 23:51",NA,97,98,"2014-06-24 14:02",0.2,268,5.5,289,"2014-06-24 13:57",21,NA,NA,"",NA,"","...",NA,NA,NA,NA,NA,"",NA
"2014-06-25",955.6,NA,957.1,"2014-06-25 21:40",954.4,"2014-06-25 04:25",24.7,29.7,"2014-06-25 11:40",22.3,"2014-06-25 05:20",NA,96,72,"2014-06-25 11:35",0.2,7,5.4,325,"2014-06-25 13:15",59,NA,NA,"",NA,"","...",NA,NA,NA,NA,NA,"",NA
"2014-06-26",955.6,NA,956.6,"2014-06-26 09:55",954.3,"2014-06-26 16:59",25.7,30.4,"2014-06-26 11:57",21.9,"2014-06-26 04:34",NA,89,73,"2014-06-26 11:59",0.3,264,4.4,266,"2014-06-26 14:49",0,NA,NA,"",NA,"","...",NA,NA,NA,NA,NA,"",NA
"2014-06-27",954.8,NA,956.3,"2014-06-27 10:07",953.5,"2014-06-27 16:33",26.4,30.9,"2014-06-27 12:46",23.1,"2014-06-27 06:01",NA,88,69,"2014-06-27 12:46",0.3,128,3.3,305,"2014-06-27 14:05",0,NA,NA,"",NA,"","...",NA,NA,NA,NA,NA,"",NA
"2014-06-28",953.9,NA,955.9,"2014-06-28 22:40",952.4,"2014-06-28 16:19",26.1,30.8,"2014-06-28 14:26",23.6,"2014-06-28 23:31",NA,88,71,"2014-06-28 15:09",0.3,135,4.1,360,"2014-06-28 15:10",1,NA,NA,"",NA,"","...",NA,NA,NA,NA,NA,"",NA
"2014-06-29",955.6,NA,958.9,"2014-06-29 23:43",953.6,"2014-06-29 03:48",25.6,30.6,"2014-06-29 12:35",22,"2014-06-29 23:54",NA,91,69,"2014-06-29 12:09",0.2,290,3.1,233,"2014-06-29 18:52",56.5,NA,NA,"",NA,"","...",NA,NA,NA,NA,NA,"",NA
"2014-06-30",958,NA,959.2,"2014-06-30 21:12",956.8,"2014-06-30 14:57",24.6,30.2,"2014-06-30 14:08",22.1,"2014-07-01 00:00",NA,93,72,"2014-06-30 12:09",0.3,133,6.4,296,"2014-06-30 15:06",116.5,NA,NA,"",NA,"","...",NA,NA,NA,NA,NA,"",NA
"2014-07-01",958.4,NA,959.5,"2014-07-01 07:33",957,"2014-07-01 14:56",25.2,31.2,"2014-07-01 13:08",22.3,"2014-07-01 05:04",NA,90,70,"2014-07-01 09:33",0.3,142,3.9,314,"2014-07-01 13:12",11,NA,NA,"",NA,"","...",NA,NA,NA,NA,NA,"",NA
"2014-07-02",955.6,NA,957.6,"2014-07-03 00:00",954,"2014-07-02 16:01",26.5,32.6,"2014-07-02 13:35",22.4,"2014-07-02 03:14",NA,85,63,"2014-07-02 13:29",0.4,263,5,302,"2014-07-02 15:34",0,NA,NA,"",NA,"","...",NA,NA,NA,NA,NA,"",NA
"2014-07-03",953.2,NA,954.7,"2014-07-03 06:52",951.7,"2014-07-03 16:39",26.7,32.3,"2014-07-03 15:01",22.5,"2014-07-03 05:14",NA,82,62,"2014-07-03 12:33",0.4,131,4.5,281,"2014-07-03 16:19",0,NA,NA,"",NA,"","...",NA,NA,NA,NA,NA,"",NA
"2014-07-04",953.7,NA,954.5,"2014-07-04 08:39",952.8,"2014-07-04 15:21",25.8,30.3,"2014-07-04 10:39",23.2,"2014-07-04 00:13",NA,86,72,"2014-07-04 11:22",0.4,141,4.3,167,"2014-07-04 23:17",3,NA,NA,"",NA,"","...",NA,NA,NA,NA,NA,"",NA
"2014-07-05",953.7,NA,955,"2014-07-05 08:42",952.6,"2014-07-05 03:09",26.2,31.1,"2014-07-05 12:17",23.2,"2014-07-05 05:24",NA,80,59,"2014-07-05 12:38",0.3,145,4.2,360,"2014-07-05 14:04",0,NA,NA,"",NA,"","...",NA,NA,NA,NA,NA,"",NA
"2014-07-06",952.7,NA,954.2,"2014-07-06 08:05",951.2,"2014-07-06 16:54",27.6,34.3,"2014-07-06 14:09",23.6,"2014-07-06 00:44",NA,79,52,"2014-07-06 14:10",0.4,33,4.8,303,"2014-07-06 15:05",0,NA,NA,"",NA,"","...",NA,NA,NA,NA,NA,"",NA
"2014-07-07",949.5,NA,952.6,"2014-07-08 00:00",947.1,"2014-07-07 16:41",27.7,34,"2014-07-07 12:13",23.7,"2014-07-07 23:18",NA,75,54,"2014-07-07 15:25",0.9,20,10.7,15,"2014-07-07 13:24",1,NA,NA,"",NA,"","...",NA,NA,NA,NA,NA,"",NA
"2014-07-08",946.9,NA,949.5,"2014-07-08 22:18",945.5,"2014-07-08 04:11",24,25.1,"2014-07-08 18:05",22.5,"2014-07-08 20:59",NA,97,83,"2014-07-08 23:48",0.7,128,11.8,304,"2014-07-08 09:22",71.5,NA,NA,"",NA,"","...",NA,NA,NA,NA,NA,"",NA
"2014-07-09",950.9,NA,953.5,"2014-07-09 22:03",948.1,"2014-07-09 00:47",26.8,32.9,"2014-07-09 13:06",21,"2014-07-09 05:06",NA,81,63,"2014-07-09 13:11",0.5,265,4.9,302,"2014-07-09 10:15",0,NA,NA,"",NA,"","...",NA,NA,NA,NA,NA,"",NA
"2014-07-10",953.5,NA,955,"2014-07-10 23:24",952,"2014-07-10 02:40",26.5,30.6,"2014-07-10 15:03",24,"2014-07-10 23:26",NA,86,72,"2014-07-10 15:03",0.4,139,4.1,267,"2014-07-10 15:07",0,NA,NA,"",NA,"","...",NA,NA,NA,NA,NA,"",NA
"2014-07-11",955.1,NA,957.7,"2014-07-11 22:22",953.7,"2014-07-11 03:50",25.8,30.7,"2014-07-11 13:04",22.9,"2014-07-11 05:27",NA,90,70,"2014-07-11 10:18",0.3,130,3.7,286,"2014-07-11 13:41",25,NA,NA,"",NA,"","...",NA,NA,NA,NA,NA,"",NA
"2014-07-12",956.3,NA,958,"2014-07-12 22:19",955.1,"2014-07-12 17:10",26.4,31.9,"2014-07-12 12:55",22.9,"2014-07-12 01:11",NA,89,68,"2014-07-12 12:14",0.4,36,4.7,298,"2014-07-12 13:27",0,NA,NA,"",NA,"","...",NA,NA,NA,NA,NA,"",NA
"2014-07-13",957,NA,958.1,"2014-07-13 22:01",955.4,"2014-07-13 16:25",27.1,32.3,"2014-07-13 15:13",23.4,"2014-07-13 05:06",NA,84,60,"2014-07-13 12:23",0.4,61,5.5,274,"2014-07-13 14:56",0,NA,NA,"",NA,"","...",NA,NA,NA,NA,NA,"",NA
"2014-07-14",958.3,NA,960,"2014-07-14 23:13",956.6,"2014-07-14 15:21",25.6,32.1,"2014-07-14 12:53",22.8,"2014-07-14 05:52",NA,91,65,"2014-07-14 12:47",0.3,33,4.6,30,"2014-07-14 16:02",11.5,NA,NA,"",NA,"","...",NA,NA,NA,NA,NA,"",NA
"2014-07-15",959.1,NA,960,"2014-07-15 22:30",957.9,"2014-07-15 15:41",25.2,31.5,"2014-07-15 12:55",21.8,"2014-07-15 21:02",NA,89,71,"2014-07-15 12:44",0.4,285,3.5,165,"2014-07-15 04:31",8.5,NA,NA,"",NA,"","...",NA,NA,NA,NA,NA,"",NA
"2014-07-16",957.1,NA,959.3,"2014-07-17 00:00",955.4,"2014-07-16 16:53",25.7,30.1,"2014-07-16 12:28",22.9,"2014-07-16 05:48",NA,84,69,"2014-07-16 12:32",0.5,135,5.1,135,"2014-07-16 01:19",0,NA,NA,"",NA,"","...",NA,NA,NA,NA,NA,"",NA
"2014-07-17",955.4,NA,957.2,"2014-07-17 22:18",954.3,"2014-07-17 14:20",26.7,33.2,"2014-07-17 13:22",22.2,"2014-07-17 02:20",NA,79,53,"2014-07-17 13:23",0.3,12,4.1,132,"2014-07-17 04:55",0,NA,NA,"",NA,"","...",NA,NA,NA,NA,NA,"",NA
"2014-07-18",957.1,NA,959.3,"2014-07-18 22:13",955.1,"2014-07-18 01:50",25.7,32,"2014-07-18 12:02",22.1,"2014-07-18 23:42",NA,86,62,"2014-07-18 12:02",0.4,142,4.7,285,"2014-07-18 16:49",38.5,NA,NA,"",NA,"","...",NA,NA,NA,NA,NA,"",NA
"2014-07-19",957.6,NA,958.8,"2014-07-19 07:20",956.2,"2014-07-19 18:59",26.1,31.7,"2014-07-19 12:58",21.8,"2014-07-19 05:17",NA,87,65,"2014-07-19 12:54",0.4,2,4.2,264,"2014-07-19 13:09",0,NA,NA,"",NA,"","...",NA,NA,NA,NA,NA,"",NA
"2014-07-20",955.7,NA,957.5,"2014-07-21 00:00",953.5,"2014-07-20 17:04",27.2,31.4,"2014-07-20 14:32",23.4,"2014-07-20 00:45",NA,72,57,"2014-07-20 20:35",0.6,135,6.1,121,"2014-07-20 18:21",0,NA,NA,"",NA,"","...",NA,NA,NA,NA,NA,"",NA
"2014-07-21",952.5,NA,954.1,"2014-07-21 00:08",950.2,"2014-07-21 16:28",27.4,32.7,"2014-07-21 11:42",21.8,"2014-07-21 05:20",NA,65,47,"2014-07-21 13:15",0.7,111,6.9,36,"2014-07-21 13:41",0,NA,NA,"",NA,"","...",NA,NA,NA,NA,NA,"",NA
"2014-07-22",947.4,NA,952,"2014-07-22 00:05",938,"2014-07-22 23:58",26.3,30.1,"2014-07-22 13:05",23.1,"2014-07-22 23:59",NA,77,62,"2014-07-22 13:05",1.2,116,24.3,27,"2014-07-22 22:12",31,NA,NA,"",NA,"","...",NA,NA,NA,NA,NA,"",NA
"2014-07-23",941,NA,948.3,"2014-07-23 23:59",930.8,"2014-07-23 03:56",23.6,26.2,"2014-07-23 04:24",22.5,"2014-07-23 01:17",NA,97,79,"2014-07-23 04:23",1,126,25,117,"2014-07-23 03:56",101.5,NA,NA,"",NA,"","...",NA,NA,NA,NA,NA,"",NA
"2014-07-24",950.7,NA,954.7,"2014-07-24 23:46",947.5,"2014-07-24 03:04",26.1,31.4,"2014-07-24 12:21",22.9,"2014-07-24 00:03",NA,85,64,"2014-07-24 10:06",0.6,129,5.9,102,"2014-07-24 03:13",0,NA,NA,"",NA,"","...",NA,NA,NA,NA,NA,"",NA
"2014-07-25",956.3,NA,959.3,"2014-07-25 22:39",954.3,"2014-07-25 01:44",24.7,31.6,"2014-07-25 11:26",21.2,"2014-07-25 22:49",NA,89,61,"2014-07-25 11:20",0.5,121,5.3,281,"2014-07-25 10:57",60,NA,NA,"",NA,"","...",NA,NA,NA,NA,NA,"",NA
"2014-07-26",959.1,NA,960.3,"2014-07-26 10:09",957.9,"2014-07-26 18:25",25.1,30.3,"2014-07-26 13:07",21.4,"2014-07-27 00:00",NA,90,73,"2014-07-26 13:46",0.4,102,4.4,130,"2014-07-26 02:06",3,NA,NA,"",NA,"","...",NA,NA,NA,NA,NA,"",NA
"2014-07-27",957.3,NA,959.9,"2014-07-27 08:15",954.3,"2014-07-27 17:01",25.8,32.1,"2014-07-27 12:35",22.1,"2014-07-27 02:48",NA,86,62,"2014-07-27 12:42",0.4,278,4.5,281,"2014-07-27 11:04",0.5,NA,NA,"",NA,"","...",NA,NA,NA,NA,NA,"",NA
"2014-07-28",954.2,NA,956.2,"2014-07-28 00:01",951,"2014-07-28 17:07",26.1,31.8,"2014-07-28 13:01",22.4,"2014-07-28 06:04",NA,78,64,"2014-07-28 13:03",0.5,129,4.9,287,"2014-07-28 10:58",0,NA,NA,"",NA,"","...",NA,NA,NA,NA,NA,"",NA
"2014-07-29",953.3,NA,955.2,"2014-07-29 08:11",951.5,"2014-07-29 17:31",26.6,31.8,"2014-07-29 14:19",22.1,"2014-07-29 02:21",NA,76,56,"2014-07-29 18:32",0.5,9,7.3,126,"2014-07-29 17:42",0,NA,NA,"",NA,"","...",NA,NA,NA,NA,NA,"",NA
"2014-07-30",952.5,NA,954.5,"2014-07-30 09:35",950.6,"2014-07-31 00:00",26.6,32.6,"2014-07-30 12:01",23.3,"2014-07-30 02:13",NA,79,55,"2014-07-30 12:17",0.6,22,5.7,39,"2014-07-30 13:45",0,NA,NA,"",NA,"","...",NA,NA,NA,NA,NA,"",NA
"2014-07-31",949.4,NA,952.2,"2014-07-31 07:31",947.5,"2014-07-31 18:33",24.4,27.3,"2014-07-31 14:55",21.9,"2014-07-31 08:08",NA,95,86,"2014-07-31 19:06",0.4,272,6.3,281,"2014-07-31 13:30",75.5,NA,NA,"",NA,"","...",NA,NA,NA,NA,NA,"",NA
"2014-08-01",946.5,NA,948,"2014-08-02 00:00",945.1,"2014-08-01 15:55",27.1,33.5,"2014-08-01 14:37",22.8,"2014-08-01 04:33",NA,84,58,"2014-08-01 14:42",0.8,227,7.9,281,"2014-08-01 12:50",0.5,NA,NA,"",NA,"","...",NA,NA,NA,NA,NA,"",NA
"2014-08-02",948.9,NA,951.6,"2014-08-02 23:13",947.1,"2014-08-02 00:26",26.6,33.9,"2014-08-02 12:50",22.4,"2014-08-02 02:35",NA,75,54,"2014-08-02 12:52",0.6,132,5.6,273,"2014-08-02 13:15",0,NA,NA,"",NA,"","...",NA,NA,NA,NA,NA,"",NA
"2014-08-03",951.5,NA,953.1,"2014-08-03 22:33",949.8,"2014-08-03 15:29",25.5,32.6,"2014-08-03 13:20",22.4,"2014-08-03 02:03",NA,84,58,"2014-08-03 13:20",0.5,5,6.3,41,"2014-08-03 16:01",42.5,NA,NA,"",NA,"","...",NA,NA,NA,NA,NA,"",NA
"2014-08-04",952.6,NA,953.6,"2014-08-04 22:03",951.5,"2014-08-04 14:22",25.1,30.7,"2014-08-04 13:08",22.3,"2014-08-04 05:13",NA,93,70,"2014-08-04 13:09",0.3,10,3.8,12,"2014-08-04 11:48",2,NA,NA,"",NA,"","...",NA,NA,NA,NA,NA,"",NA
"2014-08-05",953.6,NA,954.9,"2014-08-05 11:19",952.1,"2014-08-05 16:11",24.9,28.8,"2014-08-05 16:22",23.1,"2014-08-05 23:25",NA,92,69,"2014-08-05 16:25",0.2,44,3.6,293,"2014-08-05 10:45",0,NA,NA,"",NA,"","...",NA,NA,NA,NA,NA,"",NA
"2014-08-06",953,NA,954.7,"2014-08-06 09:15",951.2,"2014-08-06 15:52",25.8,30.9,"2014-08-06 14:25",23.1,"2014-08-06 03:50",NA,89,66,"2014-08-06 13:31",0.4,39,4.3,278,"2014-08-06 10:34",0.5,NA,NA,"",NA,"","...",NA,NA,NA,NA,NA,"",NA
"2014-08-07",951.8,NA,953.1,"2014-08-07 08:38",949.6,"2014-08-07 16:09",26.3,32.4,"2014-08-07 12:51",22.9,"2014-08-07 03:35",NA,86,59,"2014-08-07 11:49",0.4,271,5.6,292,"2014-08-07 14:21",0,NA,NA,"",NA,"","...",NA,NA,NA,NA,NA,"",NA
"2014-08-08",951.2,NA,NA,"",NA,"",26.8,NA,"",NA,"",NA,82,NA,"",0.6,38,NA,NA,"",0,NA,NA,"",NA,"","...",NA,NA,NA,NA,NA,"",NA
"2014-08-09",952.5,NA,NA,"",NA,"",26.9,NA,"",NA,"",NA,85,NA,"",0.4,123,NA,NA,"",0,NA,NA,"",NA,"","...",NA,NA,NA,NA,NA,"",NA
"2014-08-10",952.5,NA,NA,"",NA,"",26.4,NA,"",NA,"",NA,87,NA,"",0.4,88,NA,NA,"",0,NA,NA,"",NA,"","...",NA,NA,NA,NA,NA,"",NA
"2014-08-11",951.8,NA,NA,"",NA,"",26.1,NA,"",NA,"",NA,88,NA,"",0.3,122,NA,NA,"",0,NA,NA,"",NA,"","...",NA,NA,NA,NA,NA,"",NA
"2014-08-12",950.8,NA,952.6,"2014-08-12 00:06",949,"2014-08-12 14:47",25.8,30.9,"2014-08-12 12:44",22.9,"2014-08-12 05:19",NA,89,66,"2014-08-12 12:52",0.5,6,5.1,2,"2014-08-12 12:14",0,NA,NA,"",NA,"","...",NA,NA,NA,NA,NA,"",NA
"2014-08-13",952.2,NA,955.8,"2014-08-13 23:42",950.1,"2014-08-13 02:23",24.6,29.1,"2014-08-13 09:46",22,"2014-08-13 23:51",NA,94,73,"2014-08-13 11:15",0.3,17,4.5,275,"2014-08-13 10:32",43,NA,NA,"",NA,"","...",NA,NA,NA,NA,NA,"",NA
"2014-08-14",956.2,NA,958.3,"2014-08-14 21:19",955,"2014-08-14 01:16",26.4,32,"2014-08-14 14:11",21.9,"2014-08-14 00:51",NA,80,58,"2014-08-14 14:22",0.8,127,9.7,291,"2014-08-14 15:08",0,NA,NA,"",NA,"","...",NA,NA,NA,NA,NA,"",NA
"2014-08-15",958,NA,959.1,"2014-08-15 09:17",956.7,"2014-08-15 17:11",26.3,32.6,"2014-08-15 12:18",22.6,"2014-08-15 05:02",NA,85,60,"2014-08-15 12:19",0.4,2,4.5,277,"2014-08-15 13:44",0,NA,NA,"",NA,"","...",NA,NA,NA,NA,NA,"",NA
"2014-08-16",956.5,NA,958.1,"2014-08-16 00:01",955,"2014-08-16 14:52",25.2,32,"2014-08-16 11:50",22.3,"2014-08-16 15:54",NA,91,62,"2014-08-16 11:54",0.3,2,3.6,337,"2014-08-16 13:39",26.5,NA,NA,"",NA,"","...",NA,NA,NA,NA,NA,"",NA
"2014-08-17",955.9,NA,957.9,"2014-08-17 23:14",954.2,"2014-08-17 17:59",25.6,30.3,"2014-08-17 12:21",21.9,"2014-08-17 05:42",NA,90,63,"2014-08-17 12:21",0.3,6,4.5,45,"2014-08-17 10:41",0,NA,NA,"",NA,"","...",NA,NA,NA,NA,NA,"",NA
"2014-08-18",957.7,NA,959.6,"2014-08-18 18:31",956.4,"2014-08-18 15:18",24.6,29.5,"2014-08-18 12:31",21.2,"2014-08-18 19:01",NA,92,74,"2014-08-18 12:30",0.4,27,9.4,313,"2014-08-18 18:23",7,NA,NA,"",NA,"","...",NA,NA,NA,NA,NA,"",NA
"2014-08-19",958.2,NA,959.3,"2014-08-19 10:44",956.8,"2014-08-19 03:16",23.9,28.7,"2014-08-19 11:36",21.4,"2014-08-19 05:34",NA,91,70,"2014-08-19 11:39",0.3,123,4.2,98,"2014-08-19 01:05",4,NA,NA,"",NA,"","...",NA,NA,NA,NA,NA,"",NA
"2014-08-20",958.3,NA,960.7,"2014-08-20 21:50",957,"2014-08-20 03:09",24.7,29.3,"2014-08-20 10:55",21.4,"2014-08-20 04:40",NA,91,68,"2014-08-20 11:21",0.3,41,4.7,278,"2014-08-20 11:41",2.5,NA,NA,"",NA,"","...",NA,NA,NA,NA,NA,"",NA
"2014-08-21",959,NA,960.2,"2014-08-21 09:58",957.6,"2014-08-21 15:07",25.9,31.7,"2014-08-21 13:25",22.3,"2014-08-21 06:24",NA,78,52,"2014-08-21 12:25",0.7,124,4.7,292,"2014-08-21 13:02",0,NA,NA,"",NA,"","...",NA,NA,NA,NA,NA,"",NA
"2014-08-22",958.9,NA,960.1,"2014-08-22 09:54",957.2,"2014-08-22 19:06",25.4,31.1,"2014-08-22 11:54",20.9,"2014-08-22 05:20",NA,82,46,"2014-08-22 10:40",0.4,6,3.9,273,"2014-08-22 14:01",0,NA,NA,"",NA,"","...",NA,NA,NA,NA,NA,"",NA
"2014-08-23",958.4,NA,959.7,"2014-08-23 09:24",956.6,"2014-08-23 15:56",25.2,30.3,"2014-08-23 11:51",21.5,"2014-08-23 04:37",NA,81,55,"2014-08-23 11:26",0.5,279,4.4,289,"2014-08-23 11:29",0,NA,NA,"",NA,"","...",NA,NA,NA,NA,NA,"",NA
"2014-08-24",958.3,NA,959.7,"2014-08-24 22:34",956.6,"2014-08-24 16:39",25.8,31.5,"2014-08-24 13:10",21.4,"2014-08-24 03:03",NA,83,59,"2014-08-24 13:29",0.4,284,4.5,289,"2014-08-24 12:18",0,NA,NA,"",NA,"","...",NA,NA,NA,NA,NA,"",NA
"2014-08-25",959,NA,961,"2014-08-25 21:42",957.3,"2014-08-25 16:27",26.1,30.7,"2014-08-25 10:51",23.4,"2014-08-25 06:29",NA,81,62,"2014-08-25 10:51",0.5,127,4.4,298,"2014-08-25 11:15",0,NA,NA,"",NA,"","...",NA,NA,NA,NA,NA,"",NA
"2014-08-26",959.4,NA,960.8,"2014-08-26 09:24",957.4,"2014-08-26 16:22",26,31.6,"2014-08-26 14:47",22.4,"2014-08-26 05:00",NA,85,67,"2014-08-26 14:47",0.3,319,3.3,279,"2014-08-26 17:34",0,NA,NA,"",NA,"","...",NA,NA,NA,NA,NA,"",NA
"2014-08-27",960.1,NA,962.6,"2014-08-27 23:57",958.6,"2014-08-27 02:33",25.2,31.7,"2014-08-27 11:38",20.7,"2014-08-27 16:15",NA,79,62,"2014-08-27 11:40",0.7,133,8,139,"2014-08-27 19:39",5,NA,NA,"",NA,"","...",NA,NA,NA,NA,NA,"",NA
"2014-08-28",961.2,NA,962.7,"2014-08-28 00:45",959.7,"2014-08-28 17:02",25.7,31.2,"2014-08-28 12:20",21.4,"2014-08-28 00:53",NA,78,60,"2014-08-28 12:17",0.7,135,5.1,293,"2014-08-28 13:56",0,NA,NA,"",NA,"","...",NA,NA,NA,NA,NA,"",NA
"2014-08-29",960.3,NA,961.7,"2014-08-29 00:05",958.6,"2014-08-29 16:43",26.3,32.1,"2014-08-29 12:18",22.8,"2014-08-29 03:10",NA,80,62,"2014-08-29 12:19",0.6,125,5,298,"2014-08-29 14:06",0,NA,NA,"",NA,"","...",NA,NA,NA,NA,NA,"",NA
"2014-08-30",959.5,NA,960.9,"2014-08-30 08:03",957.4,"2014-08-30 16:42",25.6,30.7,"2014-08-30 13:08",22.8,"2014-08-30 00:13",NA,81,61,"2014-08-30 13:00",0.6,4,4.1,340,"2014-08-30 14:25",0,NA,NA,"",NA,"","...",NA,NA,NA,NA,NA,"",NA
"2014-08-31",958.7,NA,959.7,"2014-08-31 21:09",957.6,"2014-08-31 04:34",25.6,31.8,"2014-08-31 13:49",22.9,"2014-08-31 22:45",NA,80,56,"2014-08-31 14:10",0.7,134,5.7,301,"2014-08-31 15:05",3,NA,NA,"",NA,"","...",NA,NA,NA,NA,NA,"",NA
"2014-09-01",959.2,NA,NA,"",NA,"",26.1,NA,"",NA,"",NA,76,NA,"",0.5,17,NA,NA,"",0,NA,NA,"",NA,"","...",NA,NA,NA,NA,NA,"",NA
"2014-09-02",958.8,NA,960.4,"2014-09-03 00:00",956.9,"2014-09-02 16:35",26.5,32.2,"2014-09-02 14:42",22.7,"2014-09-02 06:06",NA,73,51,"2014-09-02 13:13",0.5,136,4.6,283,"2014-09-02 16:19",0,NA,NA,"",NA,"","...",NA,NA,NA,NA,NA,"",NA
"2014-09-03",957.1,NA,958.7,"2014-09-03 00:29",955,"2014-09-03 16:28",26.7,31.6,"2014-09-03 12:45",23.7,"2014-09-03 06:34",NA,78,60,"2014-09-03 11:54",0.6,127,5.7,305,"2014-09-03 14:52",0,NA,NA,"",NA,"","...",NA,NA,NA,NA,NA,"",NA
"2014-09-04",955.8,NA,957.1,"2014-09-04 00:02",954,"2014-09-04 15:32",24.8,29.1,"2014-09-04 13:05",21.6,"2014-09-04 23:58",NA,88,66,"2014-09-04 08:50",0.5,101,5.9,51,"2014-09-04 15:38",41.5,NA,NA,"",NA,"","...",NA,NA,NA,NA,NA,"",NA
"2014-09-05",954.6,NA,956,"2014-09-05 00:03",952.8,"2014-09-05 15:07",26.9,32.8,"2014-09-05 14:58",21.3,"2014-09-05 00:40",NA,72,59,"2014-09-05 14:45",0.6,125,5.3,133,"2014-09-05 17:39",0,NA,NA,"",NA,"","...",NA,NA,NA,NA,NA,"",NA
"2014-09-06",955.3,NA,956.9,"2014-09-06 10:23",953.9,"2014-09-06 15:35",26.7,31.3,"2014-09-06 12:18",24.1,"2014-09-06 06:15",NA,73,62,"2014-09-06 12:09",0.7,127,6,85,"2014-09-06 16:59",0,NA,NA,"",NA,"","...",NA,NA,NA,NA,NA,"",NA
"2014-09-07",956.9,NA,958.2,"2014-09-07 23:08",955.8,"2014-09-07 14:55",24.9,31.3,"2014-09-07 12:32",22,"2014-09-07 23:55",NA,87,63,"2014-09-07 12:30",0.4,41,3.8,286,"2014-09-07 12:09",19,NA,NA,"",NA,"","...",NA,NA,NA,NA,NA,"",NA
"2014-09-08",956.6,NA,958,"2014-09-09 00:00",954.9,"2014-09-08 14:45",25.4,30.9,"2014-09-08 13:05",21.5,"2014-09-08 04:57",NA,87,63,"2014-09-08 12:52",0.4,290,5.1,281,"2014-09-08 14:49",0,NA,NA,"",NA,"","...",NA,NA,NA,NA,NA,"",NA
"2014-09-09",956.9,NA,958.2,"2014-09-09 08:59",955.3,"2014-09-09 15:12",24.9,31.3,"2014-09-09 13:57",22.1,"2014-09-09 22:56",NA,84,63,"2014-09-09 12:34",0.5,256,7.1,68,"2014-09-09 15:34",57,NA,NA,"",NA,"","...",NA,NA,NA,NA,NA,"",NA
"2014-09-10",957.3,NA,959.2,"2014-09-10 23:40",955.9,"2014-09-10 03:35",24.9,29.2,"2014-09-10 13:36",22.4,"2014-09-10 00:11",NA,86,72,"2014-09-10 10:37",0.5,129,3.6,133,"2014-09-10 05:02",0,NA,NA,"",NA,"","...",NA,NA,NA,NA,NA,"",NA
"2014-09-11",957.1,NA,959,"2014-09-11 00:04",955.5,"2014-09-11 17:58",25.6,30.2,"2014-09-11 11:27",22.4,"2014-09-11 02:33",NA,86,67,"2014-09-11 11:27",0.4,69,4.6,298,"2014-09-11 14:37",0,NA,NA,"",NA,"","...",NA,NA,NA,NA,NA,"",NA
"2014-09-12",956.9,NA,958.4,"2014-09-12 09:42",955.4,"2014-09-12 15:27",25.4,29.5,"2014-09-12 13:52",22.3,"2014-09-12 04:58",NA,87,63,"2014-09-12 13:31",0.4,51,5.8,277,"2014-09-12 12:22",0.5,NA,NA,"",NA,"","...",NA,NA,NA,NA,NA,"",NA
"2014-09-13",956.3,NA,957.3,"2014-09-13 00:01",954.7,"2014-09-13 14:55",25.5,30.5,"2014-09-13 13:39",21.7,"2014-09-13 04:56",NA,86,67,"2014-09-13 12:26",0.3,53,4,283,"2014-09-13 14:51",0,NA,NA,"",NA,"","...",NA,NA,NA,NA,NA,"",NA
"2014-09-14",953.6,NA,955.5,"2014-09-14 00:01",951.6,"2014-09-14 16:07",27.3,30,"2014-09-14 12:42",23.5,"2014-09-14 04:20",NA,69,57,"2014-09-14 19:57",1.2,115,10.2,9,"2014-09-14 13:10",0,NA,NA,"",NA,"","...",NA,NA,NA,NA,NA,"",NA
"2014-09-15",952.4,NA,955.9,"2014-09-15 23:51",951,"2014-09-15 08:46",30.1,35.2,"2014-09-15 13:44",26,"2014-09-15 00:25",NA,61,43,"2014-09-15 09:25",1,121,12,92,"2014-09-15 05:31",0,NA,NA,"",NA,"","...",NA,NA,NA,NA,NA,"",NA
"2014-09-16",958.1,NA,961.2,"2014-09-16 22:39",955.1,"2014-09-16 02:47",27.1,32.4,"2014-09-16 12:15",24.2,"2014-09-16 21:11",NA,76,60,"2014-09-16 11:54",0.7,5,4.7,296,"2014-09-16 16:12",0,NA,NA,"",NA,"","...",NA,NA,NA,NA,NA,"",NA
"2014-09-17",960.9,NA,962.1,"2014-09-17 09:11",959.8,"2014-09-17 14:42",26.5,31.3,"2014-09-17 13:42",22.6,"2014-09-17 05:52",NA,84,65,"2014-09-17 13:03",0.4,130,4.2,289,"2014-09-17 13:45",0,NA,NA,"",NA,"","...",NA,NA,NA,NA,NA,"",NA
"2014-09-18",958.3,NA,961.3,"2014-09-18 00:02",956,"2014-09-18 15:47",27.8,32.9,"2014-09-18 15:28",22.9,"2014-09-18 00:52",NA,66,50,"2014-09-18 12:16",0.5,124,5.5,94,"2014-09-18 08:51",0,NA,NA,"",NA,"","...",NA,NA,NA,NA,NA,"",NA
"2014-09-19",952.7,NA,957,"2014-09-19 00:03",949.7,"2014-09-19 14:52",28.8,33.7,"2014-09-19 12:37",25.4,"2014-09-20 00:00",NA,59,41,"2014-09-19 09:44",0.7,122,5.8,51,"2014-09-19 21:44",0,NA,NA,"",NA,"","...",NA,NA,NA,NA,NA,"",NA
"2014-09-20",949,NA,950.9,"2014-09-21 00:00",947,"2014-09-20 15:51",26.7,31.9,"2014-09-20 12:17",23,"2014-09-20 05:48",NA,74,58,"2014-09-20 12:29",0.5,269,5.3,113,"2014-09-20 16:12",0,NA,NA,"",NA,"","...",NA,NA,NA,NA,NA,"",NA
"2014-09-21",946.8,NA,948.8,"2014-09-21 00:01",945,"2014-09-21 14:39",24.9,29.5,"2014-09-21 09:30",21.5,"2014-09-21 20:23",NA,81,57,"2014-09-21 12:32",0.6,286,6.5,138,"2014-09-21 12:32",32.5,NA,NA,"",NA,"","...",NA,NA,NA,NA,NA,"",NA
"2014-09-22",953.2,NA,955.5,"2014-09-22 21:29",947,"2014-09-22 00:13",22.9,24.9,"2014-09-22 12:42",21.5,"2014-09-22 06:48",NA,97,89,"2014-09-22 12:11",0.7,275,10.1,283,"2014-09-22 06:40",69,NA,NA,"",NA,"","...",NA,NA,NA,NA,NA,"",NA
"2014-09-23",956.8,NA,959,"2014-09-23 23:21",954.9,"2014-09-23 01:47",24.1,29.2,"2014-09-23 11:59",21.9,"2014-09-23 06:52",NA,94,69,"2014-09-23 11:59",0.3,25,3.9,283,"2014-09-23 16:26",14.5,NA,NA,"",NA,"","...",NA,NA,NA,NA,NA,"",NA
"2014-09-24",959.8,NA,961.3,"2014-09-24 20:15",958.1,"2014-09-24 02:56",23.7,28.6,"2014-09-24 12:20",21.6,"2014-09-24 21:25",NA,95,73,"2014-09-24 11:56",0.4,126,4.9,288,"2014-09-24 14:02",59.5,NA,NA,"",NA,"","...",NA,NA,NA,NA,NA,"",NA
"2014-09-25",960.5,NA,962.1,"2014-09-25 09:43",959.4,"2014-09-25 15:40",24.1,28.5,"2014-09-25 11:45",20.9,"2014-09-25 03:39",NA,91,72,"2014-09-25 13:28",0.3,5,3.8,285,"2014-09-25 11:46",0,NA,NA,"",NA,"","...",NA,NA,NA,NA,NA,"",NA
"2014-09-26",960.4,NA,961.8,"2014-09-26 09:00",959.2,"2014-09-26 14:26",24.6,29.1,"2014-09-26 12:26",21.8,"2014-09-26 05:59",NA,88,69,"2014-09-26 12:23",0.5,123,4.7,290,"2014-09-26 12:02",0,NA,NA,"",NA,"","...",NA,NA,NA,NA,NA,"",NA
"2014-09-27",960.6,NA,962.7,"2014-09-27 08:23",959.5,"2014-09-27 16:04",24.9,29.3,"2014-09-27 12:52",21.2,"2014-09-27 06:53",NA,78,67,"2014-09-27 11:56",0.7,135,5.1,140,"2014-09-27 23:16",0,NA,NA,"",NA,"","...",NA,NA,NA,NA,NA,"",NA
"2014-09-28",959.6,NA,961.1,"2014-09-28 09:07",958.4,"2014-09-28 14:50",24.4,28.3,"2014-09-28 14:59",21.5,"2014-09-28 06:39",NA,75,65,"2014-09-28 14:59",0.6,129,4.4,136,"2014-09-28 03:21",0,NA,NA,"",NA,"","...",NA,NA,NA,NA,NA,"",NA
"2014-09-29",958.6,NA,960.2,"2014-09-29 09:36",957.2,"2014-09-29 14:00",25.3,29.7,"2014-09-29 14:22",21.9,"2014-09-29 05:45",NA,71,63,"2014-09-29 09:14",0.9,131,6.3,127,"2014-09-29 01:58",0,NA,NA,"",NA,"","...",NA,NA,NA,NA,NA,"",NA
"2014-09-30",959.4,NA,961,"2014-09-30 09:34",957.5,"2014-09-30 15:09",25.3,29.9,"2014-09-30 13:46",22.4,"2014-09-30 06:50",NA,70,63,"2014-09-30 09:18",0.9,101,7.5,78,"2014-09-30 20:48",0,NA,NA,"",NA,"","...",NA,NA,NA,NA,NA,"",NA
"2014-10-01",959.5,NA,960.6,"2014-10-01 08:33",958.1,"2014-10-01 13:43",23.6,26.6,"2014-10-01 10:03",20.9,"2014-10-01 23:59",NA,83,69,"2014-10-01 01:29",0.8,79,9.4,59,"2014-10-01 11:46",0,NA,NA,"",NA,"","...",NA,NA,NA,NA,NA,"",NA
"2014-10-02",957.8,NA,959.3,"2014-10-02 00:01",955.7,"2014-10-02 15:02",23.3,27.8,"2014-10-02 11:43",19.5,"2014-10-02 22:17",NA,79,66,"2014-10-02 13:15",0.5,5,5,360,"2014-10-02 11:18",0,NA,NA,"",NA,"","...",NA,NA,NA,NA,NA,"",NA
"2014-10-03",958.2,NA,959.9,"2014-10-03 20:15",956.1,"2014-10-03 04:13",22.2,25.4,"2014-10-03 10:53",19.8,"2014-10-03 23:41",NA,73,63,"2014-10-03 10:19",0.6,117,6.5,132,"2014-10-03 10:35",0,NA,NA,"",NA,"","...",NA,NA,NA,NA,NA,"",NA
"2014-10-04",959.2,NA,960.6,"2014-10-04 20:43",957.8,"2014-10-04 14:00",20.3,22.6,"2014-10-04 12:39",17.9,"2014-10-04 05:49",NA,73,62,"2014-10-04 12:44",0.6,124,4.8,102,"2014-10-04 11:47",0,NA,NA,"",NA,"","...",NA,NA,NA,NA,NA,"",NA
"2014-10-05",961.2,NA,963.7,"2014-10-05 21:44",959.3,"2014-10-05 02:45",21.1,23.3,"2014-10-05 12:58",19.5,"2014-10-05 04:18",NA,73,61,"2014-10-05 15:52",0.7,119,6.2,57,"2014-10-05 23:57",0,NA,NA,"",NA,"","...",NA,NA,NA,NA,NA,"",NA
"2014-10-06",963.8,NA,965.2,"2014-10-06 20:44",962.5,"2014-10-06 04:07",20.7,22.9,"2014-10-06 11:19",19.6,"2014-10-06 23:59",NA,68,56,"2014-10-06 22:12",1.1,113,8.2,145,"2014-10-06 05:29",0,NA,NA,"",NA,"","...",NA,NA,NA,NA,NA,"",NA
"2014-10-07",961.9,NA,963.8,"2014-10-07 00:27",959.9,"2014-10-07 14:11",20.6,24.1,"2014-10-07 09:51",18.5,"2014-10-07 01:05",NA,65,45,"2014-10-07 09:06",1.1,113,10.4,24,"2014-10-07 14:46",0,NA,NA,"",NA,"","...",NA,NA,NA,NA,NA,"",NA
"2014-10-08",959.9,NA,961.1,"2014-10-08 09:38",958.4,"2014-10-08 15:10",20.6,22.1,"2014-10-08 15:45",19.4,"2014-10-08 06:11",NA,74,64,"2014-10-08 03:31",1.1,98,7.4,134,"2014-10-08 21:06",0,NA,NA,"",NA,"","...",NA,NA,NA,NA,NA,"",NA
"2014-10-09",957.5,NA,960,"2014-10-09 00:01",956.4,"2014-10-09 14:54",21.4,23.4,"2014-10-09 11:38",20,"2014-10-09 20:06",NA,85,70,"2014-10-09 02:56",0.7,111,7,135,"2014-10-09 10:54",50.5,NA,NA,"",NA,"","...",NA,NA,NA,NA,NA,"",NA
"2014-10-10",956.5,NA,958.3,"2014-10-10 09:24",955.2,"2014-10-10 14:28",21.5,25.3,"2014-10-10 10:49",20.7,"2014-10-10 03:02",NA,96,78,"2014-10-10 10:51",1,79,9.5,29,"2014-10-10 23:29",63,NA,NA,"",NA,"","...",NA,NA,NA,NA,NA,"",NA
"2014-10-11",958,NA,959.6,"2014-10-11 20:56",956.1,"2014-10-11 03:59",20.3,21.9,"2014-10-11 00:24",19.1,"2014-10-11 23:59",NA,96,90,"2014-10-11 00:23",1.1,18,8.7,324,"2014-10-11 22:57",42,NA,NA,"",NA,"","...",NA,NA,NA,NA,NA,"",NA
"2014-10-12",959.6,NA,961.7,"2014-10-12 23:45",957.8,"2014-10-12 03:46",19.9,23.8,"2014-10-12 15:41",18.1,"2014-10-12 09:26",NA,89,68,"2014-10-12 15:04",0.4,273,3.9,19,"2014-10-12 00:11",6.5,NA,NA,"",NA,"","...",NA,NA,NA,NA,NA,"",NA
"2014-10-13",963.6,NA,965.6,"2014-10-13 23:06",961.5,"2014-10-13 00:35",18.3,23.5,"2014-10-13 12:10",15.2,"2014-10-13 20:55",NA,80,60,"2014-10-13 12:11",0.6,27,5.5,336,"2014-10-13 11:41",0,NA,NA,"",NA,"","...",NA,NA,NA,NA,NA,"",NA
"2014-10-14",965,NA,966.2,"2014-10-14 08:39",963.2,"2014-10-14 14:47",17.8,22,"2014-10-14 12:42",14.8,"2014-10-14 03:29",NA,74,62,"2014-10-14 13:37",0.8,33,7,48,"2014-10-14 10:14",0,NA,NA,"",NA,"","...",NA,NA,NA,NA,NA,"",NA
"2014-10-15",964.5,NA,966.1,"2014-10-15 08:28",962.7,"2014-10-15 14:40",18.1,22.2,"2014-10-15 12:36",14.3,"2014-10-15 06:31",NA,70,57,"2014-10-15 12:37",0.8,44,6.8,53,"2014-10-15 14:50",0,NA,NA,"",NA,"","...",NA,NA,NA,NA,NA,"",NA
"2014-10-16",965.1,NA,966.6,"2014-10-16 08:50",963,"2014-10-16 14:18",18.4,22.9,"2014-10-16 12:16",14.1,"2014-10-16 06:51",NA,61,51,"2014-10-16 14:13",0.8,60,7.6,90,"2014-10-16 13:16",0,NA,NA,"",NA,"","...",NA,NA,NA,NA,NA,"",NA
"2014-10-17",963.6,NA,965.5,"2014-10-17 00:02",961.8,"2014-10-17 14:38",21.2,26.5,"2014-10-17 10:26",17.2,"2014-10-17 05:14",NA,67,49,"2014-10-17 10:27",0.8,80,5.7,126,"2014-10-17 04:02",0,NA,NA,"",NA,"","...",NA,NA,NA,NA,NA,"",NA
"2014-10-18",962.8,NA,964.2,"2014-10-18 08:54",961,"2014-10-18 15:01",22.3,26.9,"2014-10-18 12:45",18.7,"2014-10-18 00:43",NA,67,53,"2014-10-18 12:54",0.8,129,5,101,"2014-10-18 22:32",0,NA,NA,"",NA,"","...",NA,NA,NA,NA,NA,"",NA
"2014-10-19",962.7,NA,963.9,"2014-10-19 09:20",961.1,"2014-10-19 14:51",22.3,27.4,"2014-10-19 13:03",18.3,"2014-10-19 06:54",NA,69,54,"2014-10-19 09:29",0.8,127,5.5,147,"2014-10-19 06:36",0,NA,NA,"",NA,"","...",NA,NA,NA,NA,NA,"",NA
"2014-10-20",962,NA,963.4,"2014-10-21 00:00",960.1,"2014-10-20 14:32",23.8,28.5,"2014-10-20 13:48",20.6,"2014-10-20 04:14",NA,74,55,"2014-10-20 09:25",0.9,131,5.9,124,"2014-10-20 02:40",0,NA,NA,"",NA,"","...",NA,NA,NA,NA,NA,"",NA
"2014-10-21",962.4,NA,964.1,"2014-10-21 09:40",961.4,"2014-10-21 14:49",24.5,29.1,"2014-10-21 14:00",21.3,"2014-10-21 20:48",NA,69,52,"2014-10-21 14:11",1,125,4.9,77,"2014-10-21 05:16",0,NA,NA,"",NA,"","...",NA,NA,NA,NA,NA,"",NA
"2014-10-22",963.9,NA,965.8,"2014-10-22 21:00",961.5,"2014-10-22 02:34",20.8,27,"2014-10-22 09:52",18.7,"2014-10-22 23:40",NA,82,66,"2014-10-22 09:51",0.9,89,6.5,35,"2014-10-22 12:26",0,NA,NA,"",NA,"","...",NA,NA,NA,NA,NA,"",NA
"2014-10-23",963.1,NA,964.7,"2014-10-23 00:01",961.7,"2014-10-23 15:19",19.8,22.5,"2014-10-23 14:33",17.8,"2014-10-23 20:31",NA,77,69,"2014-10-23 14:51",0.8,116,5.7,115,"2014-10-23 00:06",0,NA,NA,"",NA,"","...",NA,NA,NA,NA,NA,"",NA
"2014-10-24",962.8,NA,964.4,"2014-10-24 09:18",961.4,"2014-10-24 03:22",21.4,25.7,"2014-10-24 12:32",18.4,"2014-10-24 23:53",NA,80,70,"2014-10-24 10:45",0.6,125,4.5,280,"2014-10-24 11:17",0,NA,NA,"",NA,"","...",NA,NA,NA,NA,NA,"",NA
"2014-10-25",963.5,NA,964.8,"2014-10-25 20:46",961.9,"2014-10-25 04:02",22.2,26.3,"2014-10-25 13:53",18.5,"2014-10-26 00:00",NA,80,66,"2014-10-25 09:35",0.8,127,4.3,117,"2014-10-25 02:55",0,NA,NA,"",NA,"","...",NA,NA,NA,NA,NA,"",NA
"2014-10-26",963.9,NA,965.2,"2014-10-26 09:07",962.8,"2014-10-26 03:09",22.9,27.5,"2014-10-26 12:47",19.5,"2014-10-26 04:26",NA,80,64,"2014-10-26 12:47",0.6,128,4.7,123,"2014-10-26 21:15",0,NA,NA,"",NA,"","...",NA,NA,NA,NA,NA,"",NA
"2014-10-27",964.5,NA,966.3,"2014-10-27 22:22",962.5,"2014-10-27 03:30",21,24.6,"2014-10-27 08:55",18.7,"2014-10-27 05:49",NA,75,62,"2014-10-27 16:16",0.9,95,8.3,134,"2014-10-27 13:01",0,NA,NA,"",NA,"","...",NA,NA,NA,NA,NA,"",NA
"2014-10-28",964.2,NA,965.8,"2014-10-28 08:19",962.2,"2014-10-28 14:11",21.9,25.6,"2014-10-28 12:18",18.2,"2014-10-28 05:07",NA,66,52,"2014-10-28 10:16",0.9,125,4.7,108,"2014-10-28 23:15",0,NA,NA,"",NA,"","...",NA,NA,NA,NA,NA,"",NA
"2014-10-29",963.8,NA,965.4,"2014-10-29 09:59",962.5,"2014-10-29 14:55",23.1,27.6,"2014-10-29 14:19",20,"2014-10-29 06:22",NA,66,59,"2014-10-29 15:30",0.9,126,6.1,147,"2014-10-29 06:31",0,NA,NA,"",NA,"","...",NA,NA,NA,NA,NA,"",NA
"2014-10-30",962.7,NA,964.1,"2014-10-30 09:41",960.9,"2014-10-30 15:17",22.8,27.6,"2014-10-30 14:02",19.6,"2014-10-30 20:50",NA,69,55,"2014-10-30 09:58",0.9,125,5.5,151,"2014-10-30 05:48",0,NA,NA,"",NA,"","...",NA,NA,NA,NA,NA,"",NA
"2014-10-31",961,NA,962.7,"2014-10-31 09:14",959.7,"2014-10-31 23:30",21.8,26.9,"2014-10-31 13:18",18.3,"2014-10-31 23:31",NA,79,64,"2014-10-31 13:22",0.8,129,4.5,118,"2014-10-31 03:48",0,NA,NA,"",NA,"","...",NA,NA,NA,NA,NA,"",NA
"2014-11-01",960.1,NA,961.6,"2014-11-01 08:23",958.2,"2014-11-01 14:36",21.5,26.4,"2014-11-01 12:20",17.5,"2014-11-01 01:43",NA,79,60,"2014-11-01 09:25",0.6,143,4.2,108,"2014-11-01 17:02",0,NA,NA,"",NA,"","...",NA,NA,NA,NA,NA,"",NA
"2014-11-02",962.7,NA,965.5,"2014-11-02 20:52",959.8,"2014-11-02 02:33",19,21.7,"2014-11-02 08:14",15.7,"2014-11-02 23:46",NA,89,73,"2014-11-02 08:14",0.7,87,8.3,36,"2014-11-02 20:01",5.5,NA,NA,"",NA,"","...",NA,NA,NA,NA,NA,"",NA
"2014-11-03",964.5,NA,966.1,"2014-11-03 08:36",963.3,"2014-11-03 14:33",16.2,17.2,"2014-11-03 21:33",15.3,"2014-11-03 06:00",NA,77,61,"2014-11-03 21:01",1.2,122,10.8,94,"2014-11-03 18:40",0,NA,NA,"",NA,"","...",NA,NA,NA,NA,NA,"",NA
"2014-11-04",963.7,NA,965.4,"2014-11-04 09:30",962.4,"2014-11-04 15:12",17.3,19.1,"2014-11-04 13:16",16,"2014-11-04 02:32",NA,70,64,"2014-11-04 03:30",0.7,101,4.9,332,"2014-11-04 14:08",0,NA,NA,"",NA,"","...",NA,NA,NA,NA,NA,"",NA
"2014-11-05",963.9,NA,965.6,"2014-11-05 08:57",962.1,"2014-11-05 15:12",18,23.3,"2014-11-05 12:42",15.2,"2014-11-05 06:05",NA,78,62,"2014-11-05 14:11",0.5,88,4.1,283,"2014-11-05 11:27",0,NA,NA,"",NA,"","...",NA,NA,NA,NA,NA,"",NA
"2014-11-06",964.4,NA,966.1,"2014-11-06 21:00",962.5,"2014-11-06 02:23",19,24,"2014-11-06 10:55",15.4,"2014-11-06 05:05",NA,77,56,"2014-11-06 10:55",0.7,111,5.8,103,"2014-11-06 19:13",0,NA,NA,"",NA,"","...",NA,NA,NA,NA,NA,"",NA
"2014-11-07",964.8,NA,967,"2014-11-07 08:44",963.3,"2014-11-07 14:22",19.7,22.9,"2014-11-07 13:14",17.4,"2014-11-07 05:24",NA,66,56,"2014-11-07 11:10",1.2,117,8.5,135,"2014-11-07 14:21",0,NA,NA,"",NA,"","...",NA,NA,NA,NA,NA,"",NA
"2014-11-08",964.3,NA,966,"2014-11-08 22:05",963.2,"2014-11-08 13:04",20.6,23.7,"2014-11-08 13:35",18.9,"2014-11-08 23:38",NA,77,63,"2014-11-08 02:44",0.6,126,3.1,335,"2014-11-08 11:11",4,NA,NA,"",NA,"","...",NA,NA,NA,NA,NA,"",NA
"2014-11-09",965.2,NA,967.5,"2014-11-09 08:34",963.7,"2014-11-09 23:53",18.8,21.8,"2014-11-09 10:04",17.5,"2014-11-09 18:09",NA,94,81,"2014-11-09 23:11",0.6,25,8.1,64,"2014-11-09 18:36",3,NA,NA,"",NA,"","...",NA,NA,NA,NA,NA,"",NA
"2014-11-10",963.5,NA,965.4,"2014-11-10 08:10",961.7,"2014-11-10 14:12",19.1,23.2,"2014-11-10 12:56",16.3,"2014-11-10 23:59",NA,79,66,"2014-11-10 09:10",0.8,107,5.2,342,"2014-11-10 12:56",0,NA,NA,"",NA,"","...",NA,NA,NA,NA,NA,"",NA
"2014-11-11",962.9,NA,964.1,"2014-11-11 08:18",961.3,"2014-11-11 14:38",18.5,22.9,"2014-11-11 10:40",15.8,"2014-11-11 06:10",NA,85,67,"2014-11-11 10:44",0.4,124,3.9,328,"2014-11-11 11:02",0,NA,NA,"",NA,"","...",NA,NA,NA,NA,NA,"",NA
"2014-11-12",964.4,NA,966,"2014-11-12 21:53",962.8,"2014-11-12 03:48",17.5,20.4,"2014-11-12 10:44",15.9,"2014-11-12 00:05",NA,89,77,"2014-11-12 22:53",0.7,37,5.9,147,"2014-11-12 23:15",0,NA,NA,"",NA,"","...",NA,NA,NA,NA,NA,"",NA
"2014-11-13",966.3,NA,968.9,"2014-11-13 08:06",964.6,"2014-11-13 15:28",15.4,17.2,"2014-11-13 00:12",13.7,"2014-11-13 09:44",NA,88,73,"2014-11-13 16:51",0.9,110,6.2,129,"2014-11-13 14:31",22,NA,NA,"",NA,"","...",NA,NA,NA,NA,NA,"",NA
"2014-11-14",966,NA,967.4,"2014-11-14 21:33",964.2,"2014-11-14 04:10",17.7,19.9,"2014-11-14 11:53",15.6,"2014-11-15 00:00",NA,76,67,"2014-11-14 23:33",1.1,57,9.8,129,"2014-11-14 23:05",0,NA,NA,"",NA,"","...",NA,NA,NA,NA,NA,"",NA
"2014-11-15",965.9,NA,968,"2014-11-15 07:36",963.7,"2014-11-15 15:28",19.5,21.8,"2014-11-15 10:34",16.7,"2014-11-15 23:15",NA,74,62,"2014-11-15 11:59",1.1,127,10,133,"2014-11-15 05:50",1.5,NA,NA,"",NA,"","...",NA,NA,NA,NA,NA,"",NA
"2014-11-16",963.9,NA,966.4,"2014-11-16 00:02",961.2,"2014-11-16 15:04",19.8,24.1,"2014-11-16 14:24",15.2,"2014-11-16 05:52",NA,82,69,"2014-11-16 09:29",0.8,7,4.9,342,"2014-11-16 11:25",0,NA,NA,"",NA,"","...",NA,NA,NA,NA,NA,"",NA
"2014-11-17",966,NA,969,"2014-11-17 22:05",963.3,"2014-11-17 02:19",16.5,18.7,"2014-11-17 00:01",13.6,"2014-11-17 23:57",NA,95,93,"2014-11-17 14:54",1.3,65,8.6,25,"2014-11-17 14:24",52,NA,NA,"",NA,"","...",NA,NA,NA,NA,NA,"",NA
"2014-11-18",968.2,NA,969.3,"2014-11-18 19:31",966.4,"2014-11-18 13:32",15.1,16.8,"2014-11-18 13:26",14.9,"2014-11-18 21:05",NA,84,74,"2014-11-18 23:20",1.3,107,7.8,40,"2014-11-18 22:53",1,NA,NA,"",NA,"","...",NA,NA,NA,NA,NA,"",NA
"2014-11-19",965.8,NA,968.4,"2014-11-19 00:07",963.7,"2014-11-19 14:40",17.6,22.5,"2014-11-19 11:29",15,"2014-11-19 02:25",NA,73,57,"2014-11-19 11:29",0.6,129,6.2,82,"2014-11-19 00:19",0,NA,NA,"",NA,"","...",NA,NA,NA,NA,NA,"",NA
"2014-11-20",964,NA,965.3,"2014-11-21 00:00",962.5,"2014-11-20 14:42",18.6,23.5,"2014-11-20 13:10",15.2,"2014-11-20 04:34",NA,77,64,"2014-11-20 12:19",0.6,125,4.9,329,"2014-11-20 11:36",0,NA,NA,"",NA,"","...",NA,NA,NA,NA,NA,"",NA
"2014-11-21",963.6,NA,965.5,"2014-11-21 09:39",962.1,"2014-11-21 15:02",19.3,24.3,"2014-11-21 13:33",16.4,"2014-11-21 06:50",NA,74,53,"2014-11-21 10:31",0.9,127,5.7,120,"2014-11-21 02:46",0,NA,NA,"",NA,"","...",NA,NA,NA,NA,NA,"",NA
"2014-11-22",962.5,NA,964.6,"2014-11-22 09:14",960.1,"2014-11-22 14:34",21.4,26.9,"2014-11-22 13:39",17.9,"2014-11-22 05:20",NA,59,42,"2014-11-22 13:46",1,130,4.4,151,"2014-11-22 04:20",0,NA,NA,"",NA,"","...",NA,NA,NA,NA,NA,"",NA
"2014-11-23",963.2,NA,964.7,"2014-11-23 09:17",961.9,"2014-11-23 15:01",20.4,25.1,"2014-11-23 13:52",16.5,"2014-11-23 22:39",NA,69,52,"2014-11-23 09:49",0.6,129,4.9,135,"2014-11-23 05:26",0,NA,NA,"",NA,"","...",NA,NA,NA,NA,NA,"",NA
"2014-11-24",962.1,NA,964.1,"2014-11-24 08:08",960.5,"2014-11-24 14:13",20.3,25.6,"2014-11-24 13:48",16.8,"2014-11-24 07:03",NA,67,48,"2014-11-24 10:10",0.8,128,4.3,144,"2014-11-24 06:06",0,NA,NA,"",NA,"","...",NA,NA,NA,NA,NA,"",NA
"2014-11-25",960.5,NA,962.3,"2014-11-25 08:46",958.8,"2014-11-25 14:28",19.4,24,"2014-11-25 13:41",15.7,"2014-11-26 00:00",NA,69,52,"2014-11-25 00:53",0.6,127,4.7,115,"2014-11-25 00:58",0,NA,NA,"",NA,"","...",NA,NA,NA,NA,NA,"",NA
"2014-11-26",961.3,NA,962.9,"2014-11-26 09:22",960.1,"2014-11-26 15:31",19.5,22.7,"2014-11-26 13:54",14.5,"2014-11-26 00:59",NA,70,56,"2014-11-26 09:29",0.9,122,5.9,18,"2014-11-26 15:02",0,NA,NA,"",NA,"","...",NA,NA,NA,NA,NA,"",NA
"2014-11-27",961.8,NA,963.4,"2014-11-27 09:03",960.3,"2014-11-27 15:55",21.6,24.8,"2014-11-27 13:22",19.7,"2014-11-27 06:22",NA,78,63,"2014-11-27 08:46",0.8,130,6.4,166,"2014-11-27 05:51",0,NA,NA,"",NA,"","...",NA,NA,NA,NA,NA,"",NA
"2014-11-28",962.4,NA,963.9,"2014-11-28 09:41",961.5,"2014-11-28 13:40",22.1,26.6,"2014-11-28 11:22",18.7,"2014-11-28 03:42",NA,77,57,"2014-11-28 11:22",0.7,128,6,130,"2014-11-28 08:01",0,NA,NA,"",NA,"","...",NA,NA,NA,NA,NA,"",NA
"2014-11-29",961.1,NA,962.7,"2014-11-29 08:56",959.3,"2014-11-29 14:31",22.7,27.1,"2014-11-29 13:47",20,"2014-11-29 23:59",NA,83,68,"2014-11-29 08:59",0.5,137,4.3,126,"2014-11-29 06:28",0,NA,NA,"",NA,"","...",NA,NA,NA,NA,NA,"",NA
"2014-11-30",960.7,NA,962.2,"2014-11-30 09:02",958.7,"2014-11-30 15:08",21.6,25.5,"2014-11-30 12:37",19.2,"2014-11-30 06:13",NA,90,74,"2014-11-30 12:38",0.3,292,3.6,341,"2014-11-30 14:01",0,NA,NA,"",NA,"","...",NA,NA,NA,NA,NA,"",NA
"2014-12-01",964.6,NA,967.7,"2014-12-01 22:25",961.8,"2014-12-01 02:15",14.6,21.8,"2014-12-01 00:16",10.7,"2014-12-01 22:57",NA,91,78,"2014-12-01 12:00",1.2,93,10.3,50,"2014-12-01 10:54",24.5,NA,NA,"",NA,"","...",NA,NA,NA,NA,NA,"",NA
"2014-12-02",965.7,NA,968,"2014-12-02 09:22",963.7,"2014-12-02 15:12",13.5,15.7,"2014-12-02 23:54",10.1,"2014-12-02 04:10",NA,77,67,"2014-12-02 20:05",1,130,7.9,15,"2014-12-02 03:56",1.5,NA,NA,"",NA,"","...",NA,NA,NA,NA,NA,"",NA
"2014-12-03",963.6,NA,965.4,"2014-12-03 05:28",960.9,"2014-12-03 18:18",17.8,21.1,"2014-12-03 13:54",15.4,"2014-12-03 00:43",NA,78,61,"2014-12-03 10:16",0.7,130,4.9,103,"2014-12-03 01:50",0,NA,NA,"",NA,"","...",NA,NA,NA,NA,NA,"",NA
"2014-12-04",967.7,NA,970.5,"2014-12-04 09:44",963.1,"2014-12-04 00:22",11.2,16.6,"2014-12-04 00:28",8.4,"2014-12-04 17:49",NA,92,74,"2014-12-04 21:52",0.8,116,10,336,"2014-12-04 03:04",32.5,NA,NA,"",NA,"","...",NA,NA,NA,NA,NA,"",NA
"2014-12-05",967.9,NA,969.7,"2014-12-05 07:48",966,"2014-12-05 15:12",10.5,13.4,"2014-12-05 11:13",8.2,"2014-12-05 18:42",NA,71,61,"2014-12-05 13:35",1,107,8.6,43,"2014-12-05 11:25",0,NA,NA,"",NA,"","...",NA,NA,NA,NA,NA,"",NA
"2014-12-06",966.1,NA,967.9,"2014-12-06 07:13",963.8,"2014-12-06 13:37",12.9,17.8,"2014-12-06 12:32",8.3,"2014-12-06 04:56",NA,63,41,"2014-12-06 10:57",0.6,123,5.9,86,"2014-12-06 14:58",0,NA,NA,"",NA,"","...",NA,NA,NA,NA,NA,"",NA
"2014-12-07",964.9,NA,966.7,"2014-12-07 09:16",962.8,"2014-12-07 15:48",16.4,22,"2014-12-07 13:46",13.1,"2014-12-07 06:06",NA,64,47,"2014-12-07 12:03",0.7,130,4.1,123,"2014-12-07 02:34",0,NA,NA,"",NA,"","...",NA,NA,NA,NA,NA,"",NA
"2014-12-08",966.6,NA,968.3,"2014-12-08 19:21",964.7,"2014-12-08 00:54",15.4,17.8,"2014-12-08 12:08",13,"2014-12-08 03:20",NA,82,69,"2014-12-09 00:00",1.3,66,9.3,58,"2014-12-08 12:56",0,NA,NA,"",NA,"","...",NA,NA,NA,NA,NA,"",NA
"2014-12-09",966.6,NA,968.5,"2014-12-09 08:47",964.7,"2014-12-09 14:24",17.5,20.8,"2014-12-09 12:47",14.9,"2014-12-09 02:10",NA,77,60,"2014-12-09 12:28",1.2,116,11,133,"2014-12-09 12:02",0,NA,NA,"",NA,"","...",NA,NA,NA,NA,NA,"",NA
"2014-12-10",964.9,NA,966.7,"2014-12-10 08:16",962.5,"2014-12-10 14:56",17.6,21.3,"2014-12-10 12:19",15.4,"2014-12-10 06:29",NA,93,72,"2014-12-10 11:13",0.3,288,4.4,287,"2014-12-10 11:06",1,NA,NA,"",NA,"","...",NA,NA,NA,NA,NA,"",NA
"2014-12-11",966,NA,968.2,"2014-12-11 21:43",964.2,"2014-12-11 15:29",14.7,17.2,"2014-12-12 00:00",12.2,"2014-12-11 23:45",NA,93,85,"2014-12-11 10:37",1,65,7.7,28,"2014-12-11 10:10",4.5,NA,NA,"",NA,"","...",NA,NA,NA,NA,NA,"",NA
"2014-12-12",969.9,NA,972.3,"2014-12-12 21:38",967.4,"2014-12-12 00:28",10.2,12.4,"2014-12-12 00:01",8.3,"2014-12-12 16:48",NA,91,75,"2014-12-12 22:49",1,60,8.4,136,"2014-12-12 22:46",6,NA,NA,"",NA,"","...",NA,NA,NA,NA,NA,"",NA
"2014-12-13",970.4,NA,972.4,"2014-12-13 07:20",968.5,"2014-12-13 13:30",10.6,12.8,"2014-12-13 11:53",9.3,"2014-12-13 06:56",NA,73,65,"2014-12-13 11:58",1.1,89,8.2,118,"2014-12-13 02:59",0,NA,NA,"",NA,"","...",NA,NA,NA,NA,NA,"",NA
"2014-12-14",968,NA,970.4,"2014-12-14 08:43",965.9,"2014-12-14 15:25",14.4,15.9,"2014-12-14 13:46",11.7,"2014-12-14 04:09",NA,68,63,"2014-12-14 11:36",0.7,124,5.3,128,"2014-12-14 23:29",0,NA,NA,"",NA,"","...",NA,NA,NA,NA,NA,"",NA
"2014-12-15",966.8,NA,968.3,"2014-12-15 08:25",964.7,"2014-12-15 15:04",15.9,19.9,"2014-12-15 12:49",13.8,"2014-12-15 06:24",NA,81,67,"2014-12-15 09:53",0.5,122,4.2,285,"2014-12-15 12:55",0,NA,NA,"",NA,"","...",NA,NA,NA,NA,NA,"",NA
"2014-12-16",970.8,NA,973.2,"2014-12-16 23:41",967.6,"2014-12-16 03:12",10.3,14.8,"2014-12-17 00:00",8.1,"2014-12-16 22:28",NA,86,64,"2014-12-16 23:03",0.8,114,5.9,69,"2014-12-16 06:04",2,NA,NA,"",NA,"","...",NA,NA,NA,NA,NA,"",NA
"2014-12-17",972.6,NA,974.7,"2014-12-17 09:24",970.8,"2014-12-17 14:51",7.7,9.4,"2014-12-17 12:32",6.3,"2014-12-17 18:03",NA,65,57,"2014-12-17 11:19",1.2,113,10,37,"2014-12-17 14:04",0,NA,NA,"",NA,"","...",NA,NA,NA,NA,NA,"",NA
"2014-12-18",970.8,NA,972.9,"2014-12-18 09:19",969.1,"2014-12-18 16:06",12.1,16.3,"2014-12-18 13:34",7.8,"2014-12-18 01:17",NA,63,46,"2014-12-18 13:07",0.7,106,6.7,38,"2014-12-18 15:27",0,NA,NA,"",NA,"","...",NA,NA,NA,NA,NA,"",NA
"2014-12-19",968.2,NA,969.7,"2014-12-19 00:16",966.4,"2014-12-19 17:08",13.4,14.9,"2014-12-19 11:37",12,"2014-12-19 23:55",NA,80,63,"2014-12-19 01:40",0.5,125,4.5,282,"2014-12-19 13:35",3,NA,NA,"",NA,"","...",NA,NA,NA,NA,NA,"",NA
"2014-12-20",966.5,NA,968.5,"2014-12-20 10:44",964.1,"2014-12-20 15:11",12,14,"2014-12-20 13:45",10.2,"2014-12-20 10:11",NA,83,63,"2014-12-20 18:52",0.7,103,6,121,"2014-12-20 12:12",2,NA,NA,"",NA,"","...",NA,NA,NA,NA,NA,"",NA
"2014-12-21",968.3,NA,971.4,"2014-12-21 21:57",965.6,"2014-12-21 04:28",11.9,14.6,"2014-12-21 10:23",9.2,"2014-12-21 23:48",NA,81,69,"2014-12-21 00:13",0.9,71,7.1,41,"2014-12-21 14:06",0.5,NA,NA,"",NA,"","...",NA,NA,NA,NA,NA,"",NA
"2014-12-22",969.1,NA,971.7,"2014-12-22 08:51",966.9,"2014-12-22 23:08",10.4,13.8,"2014-12-22 13:52",7.3,"2014-12-22 06:57",NA,67,52,"2014-12-22 14:31",1.2,107,8.2,52,"2014-12-22 12:39",0,NA,NA,"",NA,"","...",NA,NA,NA,NA,NA,"",NA
"2014-12-23",966.8,NA,968.5,"2014-12-23 09:10",965.1,"2014-12-23 15:52",14.1,19.2,"2014-12-23 12:17",10.2,"2014-12-23 05:49",NA,65,45,"2014-12-23 11:51",0.8,131,7.1,124,"2014-12-23 02:24",0,NA,NA,"",NA,"","...",NA,NA,NA,NA,NA,"",NA
"2014-12-24",968.1,NA,NA,"",NA,"",15.6,NA,"",NA,"",NA,77,NA,"",0.7,77,NA,NA,"",0,NA,NA,"",NA,"","...",NA,NA,NA,NA,NA,"",NA
"2014-12-25",967.7,NA,969.4,"2014-12-25 20:42",966,"2014-12-25 12:32",13.2,17.3,"2014-12-25 11:44",10.9,"2014-12-25 05:50",NA,91,68,"2014-12-25 11:52",0.5,69,5.7,112,"2014-12-25 19:12",7.5,NA,NA,"",NA,"","...",NA,NA,NA,NA,NA,"",NA
"2014-12-26",966.5,NA,968.6,"2014-12-26 08:46",964.4,"2014-12-26 15:13",14.6,18.1,"2014-12-26 14:02",11.7,"2014-12-27 00:00",NA,77,61,"2014-12-26 13:58",0.8,126,5.6,117,"2014-12-26 22:16",0,NA,NA,"",NA,"","...",NA,NA,NA,NA,NA,"",NA
"2014-12-27",966.8,NA,968.3,"2014-12-27 10:45",964.7,"2014-12-27 00:46",14.1,17.3,"2014-12-27 10:01",12.3,"2014-12-27 23:05",NA,88,68,"2014-12-27 00:03",0.5,125,5.5,106,"2014-12-27 00:50",15.5,NA,NA,"",NA,"","...",NA,NA,NA,NA,NA,"",NA
"2014-12-28",966,NA,967.6,"2014-12-28 08:44",964.2,"2014-12-28 15:03",11.5,13,"2014-12-28 09:44",9.3,"2014-12-28 23:06",NA,98,94,"2014-12-28 12:17",0.6,33,4.6,49,"2014-12-28 00:09",13.5,NA,NA,"",NA,"","...",NA,NA,NA,NA,NA,"",NA
"2014-12-29",965.1,NA,967.7,"2014-12-29 09:09",962.7,"2014-12-29 15:18",10.3,14.1,"2014-12-29 14:33",7.8,"2014-12-29 18:35",NA,80,56,"2014-12-29 15:33",0.6,128,5,3,"2014-12-29 14:20",0,NA,NA,"",NA,"","...",NA,NA,NA,NA,NA,"",NA
"2014-12-30",964.3,NA,966.2,"2014-12-30 09:21",962.7,"2014-12-30 14:34",12.6,18.7,"2014-12-30 13:49",8.9,"2014-12-30 00:03",NA,68,51,"2014-12-30 13:54",0.9,128,4.8,171,"2014-12-30 08:28",0,NA,NA,"",NA,"","...",NA,NA,NA,NA,NA,"",NA
"2014-12-31",966.5,NA,968.5,"2014-12-31 22:31",964.1,"2014-12-31 04:25",13.4,18.9,"2014-12-31 14:42",10,"2014-12-31 03:42",NA,54,31,"2014-12-31 10:36",1.2,120,8.4,140,"2014-12-31 22:25",0,NA,NA,"",NA,"","...",NA,NA,NA,NA,NA,"",NA
